source_id,ra,dec,parallax,parallax_error,phot_g_mean_mag
5853498713190525696,217.39232147200883,-62.67607511676666,768.0665391873573,0.049872905,8.984749
4472832130942575872,269.44850252543836,4.739420051112412,546.975939730948,0.040116355,8.1939745
3864972938605115520,164.10319030755974,7.002726940984864,415.17941567802137,0.06837086,11.038391
762815470562110464,165.83095967577933,35.948653032660104,392.75294543876464,0.03206665,6.551172
2947050466531873024,101.28662552099249,-16.720932526023173,374.48958852876103,0.2313347,8.524133
5140693571158946048,24.771674208211856,-17.947682860008488,373.8443122683992,0.50087124,10.817838
5140693571158739840,24.771554293454546,-17.948299887129313,367.71189618147696,0.74180114,10.507542
4075141768785646848,282.4587890175222,-23.83709744872712,336.0266016683708,0.031666122,9.126414
1926461164913660160,355.4800152581559,44.170375700747755,316.48118678226916,0.044448785,10.379277
5164707970261890560,53.22829341517546,-9.458168216292322,310.5772928005821,0.13549915,3.465752
6553614253923452800,346.5039166796005,-35.8471642082214,304.1353692001036,0.01999573,6.5220323
3796072592206250624,176.93768799004127,0.7991199702364985,296.3053079139394,0.030185517,9.601
1872046574983497216,316.753662752556,38.75607277205679,286.0053518616485,0.028940246,5.4506445
1872046609345556480,316.7484792940004,38.76386244649797,285.99494829578117,0.05989728,4.766713
2154880616774131840,280.6830708352289,59.638357907754816,283.8401180184389,0.021992655,7.854393
2154880616774131712,280.68308624583415,59.635145454818776,283.8377678450057,0.028684631,8.524704
385334230892516480,4.613226257557736,44.02478674398518,280.706821579123,0.020284552,7.218567
385334196532776576,4.625300681217554,44.02874451664357,280.6947310460246,0.027839076,9.686646
703790044252850688,127.45009240230564,26.77328596508202,279.2496391012477,0.06372576,12.167455
6412595290592307840,330.8724078795965,-56.79725466122902,274.8431415216296,0.09561499,4.322904
2452378776434477184,26.009055057160104,-15.933680200693857,273.80974511859966,0.17013045,3.3003998
4848140361962951552,54.00339387736301,-44.51436231604776,272.16154083178225,0.031645775,10.995456
6412596012146801152,331.07645259656397,-56.79381206688221,270.6580324694526,0.6895573,18.030664
2358524597030794112,18.13325425370941,-16.996154872479234,269.05730465038937,0.03366602,10.436525
3139847906307949696,111.85462844259372,5.209382701706996,264.12689775460655,0.04127979,8.576388
35227046884571776,43.26964247679057,16.86437381897744,260.98844068047276,0.09342672,12.263103
4810594479418041856,77.9599373502188,-45.0438126993602,254.19859326384577,0.016842743,8.063552
6583272171336048640,319.2950181380955,-38.872456400701786,251.9124222107058,0.03516071,5.984104
6439125097427143808,281.29804386226,-63.96056736658412,249.6651458904217,0.1330301,14.005345
5393446658454453632,162.05388771666577,-39.93962594730691,247.21558692230735,0.051197793,14.005882
4330690742322011520,247.57481416249274,-12.66785108081103,232.13898083974135,0.026823945,8.801877
2552928187080872832,12.296740250462333,5.376556608426358,231.7799995322092,0.018272836,12.299163
3902874650602495232,188.3144928018531,9.022091624851694,231.11849780261377,0.5118605,11.235116
2306965202564744064,1.3832841523481234,-37.36774402806293,230.09703402875448,0.036182754,7.6824937
76868614540049408,30.058987047653364,13.044071201123836,223.73208720990553,0.069856286,10.681062
3902874650601954816,188.3146767758809,9.021829208339808,223.47747382423316,0.46645853,11.240162
1637645127018395776,264.1040525731971,68.3334976375916,219.78977211974913,0.021020047,8.02864
5951824121022278144,262.1701639221161,-46.89910489864381,219.64625138839503,0.026228724,8.336431
3757613049856225792,162.05518399901217,-11.342803319735205,219.33021263059618,0.060230438,12.837447
5332606522595645952,176.45664661730092,-64.843052846102,215.67527344818546,0.018143972,11.423104
2079073928612821760,298.48192590176114,44.41290615922913,214.5745030256979,0.04759333,11.908311
2603090003484152064,343.3241110018443,-14.266689393516607,214.0379888743159,0.035619885,8.875059
5254061535106490112,161.08527551332452,-61.20263830459439,206.96977507456424,0.04479964,11.859422
2441630500517079808,1.6763504259443918,-7.5464753252597605,206.35003920573322,0.04744553,11.773832
4752399493622045696,43.77198593477078,-47.01672835622661,205.42508538452748,0.18571998,18.57293
823773494718931968,152.8329289582321,49.451988897100506,205.31478196510724,0.02237224,5.9611735
778947814402602752,166.34205974427476,43.53094856108456,203.8875927696954,0.033240344,7.912665
778947608243864320,166.35208967877313,43.52590762036144,203.83234385738783,0.050037432,12.257253
625453654702751872,154.89881370110675,19.869809905451323,201.40642101948626,0.0296157,8.204091
6562924609150908416,323.3912518776402,-49.01263039681064,201.3251983325545,0.023687575,7.739947
5955305209191546112,264.26088738973226,-44.323382243038424,199.6944012807481,0.031152742,9.602153
3195919254111315712,63.830787524383176,-7.672952135407352,199.6910732720413,0.05120331,9.54224
3195919528989223040,63.80795300602079,-7.6680778150199815,199.6080124181338,0.12083028,4.179894
3195919254111314816,63.82965602087436,-7.670903382610344,199.45161859738874,0.069206245,9.775309
1934263333784036736,341.7028254522359,44.3319533233193,197.95730094675557,0.021990642,9.005235
660597997697274752,134.5586915113887,19.76257888198771,196.2619260343735,0.19761291,12.48557
4468557611977674496,271.36591160903725,2.4941987580927343,195.85633153170514,0.25345382,5.5392184
4468557611984384512,271.364453818457,2.495224095912567,195.5673545594233,0.19638827,3.987364
660597997696173440,134.55918967906837,19.762959843487355,194.14430904826264,0.12283384,11.96628
1695191332232990720,226.70263614661923,70.46161913358111,193.9412326077981,0.6277344,20.199528
3316364602541746048,90.01597644159976,2.7063740799024933,192.01346218785218,0.03095804,9.901327
5278042880077383040,124.37351805519963,-61.91613022264878,191.83624032785028,0.41861156,20.009703
1129149723913123456,176.9394079814786,78.69329745305299,190.32514271529305,0.019362431,9.551337
5985290231327158144,235.1951774625917,-51.028101306904475,187.7289806878707,0.04963138,12.7359295
3187115498866675456,75.4868052125233,-6.948587409027854,186.04662779359126,0.027749853,10.649305
3741297293732404352,206.4405658448607,14.885052704598573,183.99619525468464,0.025324116,7.6105833
470826482637310848,67.81389197465391,58.969481205135885,181.2730074917688,0.02025858,12.33619
470826482637310080,67.80919062832808,58.967979971547436,181.24383901243414,0.049853016,9.702565
939072613334579328,103.70012922713916,33.266408018167255,179.06293491259635,0.027963677,8.863551
6882963066420161664,313.1361327596479,-16.974558468206272,177.93122142191174,0.03653056,10.081701
2091177593123254016,278.90744884954285,32.994787158699616,175.79296679952537,0.046801604,14.850962
3209938366665770752,82.86754111476276,-3.6865276019053095,175.31313655111924,0.020392798,7.1082892
6305165514134625024,224.97665286074593,-18.53775641089888,174.02530425165742,1.9005988,20.435377
2940856402123426176,92.64357908167638,-21.86782311323394,173.57398583239672,0.017049566,7.3134713
2261614264931057664,293.09759805108064,69.65345106254792,173.49391001786597,0.07480691,4.449041
3340477717172813568,85.547707594821,12.482359917793618,172.67623105398982,0.028589318,10.11378
6232511606838403968,224.37159427348143,-21.423140396261676,169.8842702825854,0.06534182,5.3640366
5918660719983560192,266.6334444727895,-57.32506180218072,169.8041953551915,0.046469025,9.592273
6663600360560306560,290.20411626707914,-45.57110617010142,169.23508466417934,0.05884779,10.752913
2739689239311660672,357.3066038231343,2.3969179441959985,169.21632962255026,0.028058065,8.152917
4293318823182081408,289.2276515036191,5.162976302668586,169.06150528157374,0.023926072,8.099911
6002807341299977216,233.0469274248337,-41.28017408697192,168.9965073189456,0.027027713,8.2741785
4293315765165489536,289.2373736967538,5.14437331543419,168.95370741857366,0.0668329,14.3032875
425040000962559616,12.285227381524425,57.81272812559009,168.83216034019418,0.1663396,3.3200667
425040000962497792,12.281184764215306,57.815739188554126,168.71856118825883,0.021581342,6.762044
4109030160308317312,258.83511696459266,-26.60789783205067,168.13027793748972,0.10807573,4.828591
4109030160308320128,258.83412017812816,-26.606806615399403,168.00307885629599,0.13433942,4.831335
4109034455276324608,259.05329410009625,-26.551146094884785,167.9616795430231,0.031054644,5.889863
3136952686035250688,116.1658359308822,3.5504844454883244,166.97689652666736,0.034340866,9.692206
6697578465310949376,302.8022690433109,-36.10821653736984,166.3272042796776,0.106505066,5.033037
4847957293278177024,50.00034361894219,-43.06655252783423,165.5242095575573,0.07836173,4.063915
946632924007399936,107.50514340448903,38.52526941964586,165.2146994337292,0.06364261,9.934659
6427464123776727168,302.19503988923026,-66.18709128441725,163.9544145383167,0.12218077,3.3641381
2572901021957789568,24.24124978791965,9.563070454755835,163.44784569658697,0.4628947,19.461197
6673000841376349696,303.4773905559996,-45.16473054247641,162.2171000791857,0.022484917,7.2426615
1638979384378696704,267.01612290514834,70.88157381434476,160.99524492008814,0.011894624,13.778201
6324325225803432320,218.56843175696892,-12.516923853592898,159.9225477824956,0.054619387,9.894982
2824770686019004032,352.9716753030632,19.937313746866927,159.90846046252173,0.051349618,10.828941
2824770686019003904,352.97012375450475,19.93699282660293,159.66339203721853,0.03412789,9.043998
6322070093095493504,229.85630133329227,-7.722707024157902,158.71827296463243,0.030101538,9.421787
1022456139210632064,138.5835616152243,52.68408016691263,157.88793077923938,0.019652834,6.976026
1022456104850892928,138.5913117966687,52.68342944184038,157.8824911260602,0.021135049,7.054455
685103912857072640,135.09564332221345,21.8320625969277,157.26857654561297,0.053540938,13.413064
1267906854386665088,225.8321422585927,25.424644489819656,155.77582970512213,0.7557141,20.274647
4860376345833699840,54.898570206777336,-35.42759363988114,155.59821311519502,0.052201733,15.439572
3022956969731332096,88.79209555773647,-4.1789270915525885,155.23734721807887,0.01745606,14.236672
3907283967108054528,184.74174734459442,11.126952372027485,154.69993660722557,0.044472538,11.926109
1428427236986209024,246.35588833281682,54.30333866560462,154.35026839246862,0.01610215,9.139769
4339417394313320192,253.89324627148858,-8.398523023114832,153.96586519953095,0.057011306,13.813289
4339465360510320128,253.85142032580904,-8.32657626383978,153.87539543012036,0.047417864,10.444497
5243594081269535872,145.69216012443803,-68.87998537875298,153.75934537322692,0.02489855,11.133258
2009481748875806976,348.33773395483047,57.16966644274312,152.86400389732427,0.049440492,5.2318964
6153483658836320384,189.70080543573764,-38.387409124376816,150.07810926426842,0.032217305,11.226226
3988987164339438208,165.0156786023955,22.831702302659366,148.19855031056267,0.02533127,8.977005
1237090738916392832,222.8466426652314,19.101104107947574,148.17931678941665,0.054625016,6.4300914
1237090738916392704,222.8480514738455,19.100269640072455,148.06949945238355,0.13173045,4.4804826
3098328182579892096,122.99468256110134,8.750401522062495,147.72184850183513,0.094956644,11.397289
1784473016438653056,322.40807988216517,17.64497780267456,147.4957775212429,0.025748886,9.108492
2019802555283940608,292.17175325969595,23.935004798378436,146.4067299939191,1.2000669,20.63769
5153091836072107136,45.462424511757,-16.59453280551054,145.69218853775283,0.024446325,10.058402
2828928008202069376,344.1402217312129,16.55216937227734,145.62341010499722,0.025450103,7.795021
3864615459886222464,162.7129640681676,6.804489538122279,143.53906190611502,0.028598778,10.290781
3855208897392952192,157.22878342623204,0.8377468877660948,142.09514314210975,0.021169754,8.675959
2195886971653527168,313.3324563031005,62.150957701503515,142.054284613815,0.016025284,7.756715
1952802469918554368,326.5928819418585,38.21751708114409,141.89460573855888,0.021211391,10.830858
6224387727748521344,224.1569594505724,-28.167254151481732,141.7891196305653,0.061730128,14.061078
4780100658292046592,62.61100025779547,-53.61299677064624,140.69606047638192,0.021376973,11.902864
2640434056928150400,353.7970694377148,-2.3927993943668993,139.33889353237683,0.04413923,12.623748
18565464288396416,39.07167733324421,6.8780898981735605,138.4370910355932,0.041985847,10.333128
19316224572460416,39.02838450657828,6.8933391075785275,138.34000380964673,0.31773403,5.4983196
5753687109122994048,128.9248121022928,-8.321818266749508,138.31472927732594,0.21448307,
2595284016771502080,335.78059284429975,-17.610507570693272,138.2280013262178,0.048167944,11.550707
5975663354131618304,259.75125274377365,-34.997795092684065,138.0662741149332,0.028331729,9.386162
3426333598021539840,91.91027346627297,24.497694088057266,138.0615808560256,0.5184914,19.520273
6306068659857135232,226.94794579637428,-16.46512505032577,134.94740215429607,0.26107797,17.951569
2552925644460225152,12.099107075154986,5.27553944692346,134.49484768931154,0.057815686,5.467689
4683897617110115200,6.482504988433097,-77.25279546754571,133.71940556671353,0.27199635,2.6807318
1355264565043431040,257.3834721191679,43.680105808986085,131.59960903219002,0.42845705,10.453175
6604147121141267712,344.10194140173917,-31.56626896213439,131.55250924995755,0.027515385,6.0918646
4286249341336984576,282.0747587449577,7.690323894810538,131.27900875405268,0.039764576,12.296879
3738099879558957952,202.50420163284346,10.372389574126087,131.10134519384707,0.026954211,8.205292
2257597439718033536,274.74325647947336,66.19061665488063,130.8530774537263,0.021744039,11.911708
96331172942614528,25.62258568627586,20.26551918225611,130.823369060264,0.15318972,4.99968
6575069780231675264,330.6269230434408,-37.08193913674626,130.4186009154895,0.053442273,10.46742
411413822074322432,17.094749861202942,54.91320397755905,130.28806976927032,0.4347771,4.9480124
6623351805412369024,342.0203381724408,-24.369627417603155,130.27065669284806,0.03249052,11.129232
114207651462714880,41.068881780380345,25.52175109435131,130.19563405443222,0.028051848,9.467294
3828238392559860992,153.07293731001045,-3.746747553020674,129.7543962369321,0.025240922,8.331761
4375233191015944192,261.43588748671016,2.1061577628793846,129.64588200281264,0.017464284,6.934473
6135947032490329472,194.7766445532381,-43.607963562590925,129.4287903858344,0.06204019,14.83373
2322561156529549440,6.183609706573537,-27.13725776001971,129.31674036196353,0.12558402,13.142607
999747822484300800,90.29510135819429,59.59306278611283,129.3014012527262,0.028304283,10.417205
4177731838628465408,271.2841138366001,-3.032798001841446,129.21844952774615,0.025568604,8.519395
3365063724883180288,104.87435115776526,19.344873685053248,128.98659827505904,0.06069526,12.776403
2161121135533953536,270.57119282072466,64.26058361909148,128.30565976722806,0.03191236,11.758081
4468009917744160000,270.1111446302847,1.58076369973362,128.05461654386062,0.5101415,19.549429
4145870293808914688,271.88396508794,-15.964616826018132,125.45085476530886,0.030566534,11.863026
5535361753834861312,115.04626042327716,-42.958948811779244,125.30284548899108,0.02152292,12.030774
3288921720025503360,72.46212402119102,6.9613310085374644,124.61980141424488,0.22457013,3.0879216
5559035514779971456,104.4373295461301,-44.29139605439596,124.56954932191705,0.049491733,10.418207
5559035514776717312,104.43647190771412,-44.291651313997995,124.35689454555873,0.039878186,10.381962
786834302080370304,177.7301638123558,48.373099796519554,124.33777491111096,0.05490648,11.684706
6133474952391837824,190.18807526858592,-43.563321977327206,124.18513331297466,0.029509502,10.983478
3735000631158990976,191.98138882517026,9.749354230882224,123.77563788382407,0.03286869,10.105141
1954170404122975232,327.0723954642871,40.068517793015445,123.6752359487603,0.3595069,19.792591
2246206567973292160,307.63826397516186,65.45081813440359,123.65465984021166,0.014759887,9.43527
3698534434669937024,183.56472559955648,0.6227271293051196,123.64295658391296,0.0448867,11.828689
5700706729031126656,123.17043503163158,-21.55502398567159,123.20329450522371,0.02362702,10.67168
3320184202856435840,89.10409821980528,5.359344709329013,123.19885316518207,0.017005328,13.9694195
4550763526539955712,264.4766236517814,18.596087654354623,122.55460651085501,0.017568411,8.74288
5273943488410008832,118.30118445721946,-67.79867244988867,122.41301924617866,0.011389391,13.777515
4911306239828325632,24.951317415506175,-56.19325138476668,122.108812649359,0.036529314,5.5083017
4911306239828325760,24.950656623757837,-56.19640006625107,122.00347235303983,0.03193793,5.6254873
4479498508613790464,279.8817390588379,9.02862549790261,121.97881318336569,0.939553,19.08993
4719430087707860736,30.160435097325607,-55.96826051259185,121.70844820778298,0.031887542,10.557133
2396530698208685312,345.06283531994274,-22.524089212751498,121.472361391852,0.024886552,7.259579
533621859441169920,15.659011875595588,71.67812049454075,121.45982871489811,0.015784185,8.941875
4594497838483177984,266.60269364370964,27.71382058642485,120.39791474431885,0.27854753,9.58592
4994877094997259264,0.5484242194982256,-43.16843961826971,120.01426997667465,0.021522488,12.895188
4594497769766809216,266.6132135058437,27.717275040505413,119.92480848370072,0.1542597,3.2384055
4594497834189213184,266.60286144324283,27.713737369131668,119.88706136425247,0.20551951,9.184961
3713594960831605760,204.11607940811783,3.674479286708736,119.75661648253032,0.030381203,14.376431
2159844052779000064,275.6038379584113,62.04499387477445,119.75186488791154,0.034086667,11.824005
2879455480942629248,355.7815091563796,36.536310377293006,119.5794051981195,0.05627809,11.167953
2974726131970829952,75.6178310374648,-21.257878326934936,119.57374393720566,0.04195274,7.7924075
5224460173763882496,174.52796501310212,-77.3607589439316,119.34188913224592,0.030471839,12.816201
2974726136265625088,75.61776596344842,-21.257639202011276,118.82496536460518,0.07951455,9.636776
2202703050401536000,327.91636041932077,59.2929297833234,118.15513655131949,0.015516662,14.373105
1534011998572555776,188.43142838333532,41.358776694084185,118.02660559667956,0.15303078,4.094672
3377365057060447616,96.17468890917205,23.430778569567785,117.7262697791185,0.02781314,11.662542
6021430250773733632,245.00935124845444,-37.52540960854646,117.67912787614085,0.107052565,12.898023
6021430250773348736,245.01042208462846,-37.524610446713915,117.47159417533476,0.029081289,9.495382
5639391810273308416,130.37950135632184,-32.93649496565008,117.3961254185898,0.020453347,11.822395
3507879565090229888,199.596298132351,-18.31592210064546,117.1726460991387,0.1455929,4.5325284
2611561706216413696,343.48356406407754,-6.784830206077555,117.13884218186048,0.03412185,15.421229
3705324881045028992,195.13547450286052,5.686566854184026,117.03270509707764,0.061250325,11.772939
6378584028690858496,343.92147125181526,-75.4633768500233,116.31336925688149,0.016823512,9.292778
3179036008830848,48.353258238212746,4.775200170986658,116.26781443397161,0.042744365,12.101368
4900108950849461248,5.0356095474274705,-64.86961713712722,116.18257854098105,0.13336171,4.07351
1165479168642900992,232.625560005462,9.434551385099411,116.04245757212003,0.04350852,13.07033
5761985432616501376,133.39836837028676,-3.4931644292214545,115.48757106313471,0.07259748,15.888929
2886233695250041216,91.21742524933883,-34.558412822381825,115.39816465618533,0.029826276,11.112143
3464485826872541440,175.34234990922278,-36.40821490897027,115.08346553021467,0.035883762,11.583742
3399063235755057792,88.59482419468164,20.275852148021837,114.94966074779107,0.5279793,4.241686
4365609170043180416,254.27604768745735,-4.350649323558728,114.91584350091051,0.02515796,10.913422
4960651016012601856,24.841366809333778,-39.60350836178757,114.60403630806456,0.040204506,12.568368
2794735086363871360,9.07135464103575,18.35341013813914,114.47346356966919,0.13814536,17.495636
3101923001490347392,103.07278431613713,-5.17372829320013,114.35472221987995,0.04184089,6.231057
3101920046552857728,103.07260095888746,-5.19006973623282,114.29110218630719,0.02192843,9.097528
4031586157514097024,177.77908194992455,35.273139643103185,114.08541529766859,0.019123629,8.854014
5951165616611763456,259.7726543146931,-46.63575837613547,113.75134443945775,0.07254689,5.3014293
6847167606385195648,303.82866493156223,-27.033780809464673,113.48717988476642,0.051574934,5.48135
2627117287488522240,332.4231515660494,-4.64083481515791,113.4447215072131,0.029997606,9.237196
5951165616635298816,259.7685324639266,-46.63635961449501,113.28575402688406,0.43021867,7.987019
4519789321942643072,286.7709107522999,20.88648751787881,113.25212980007824,0.029636156,9.814883
4519789081415296128,286.8027296402767,20.875538401484672,113.22280917668247,0.0191646,9.805328
5260759175761502976,98.43896955100807,-75.62380392415764,113.13179107170824,0.0176141,10.212167
5260759175761501696,98.42498690791187,-75.62874086458727,113.1304474816652,0.016938346,9.3847475
3211461469444773376,75.2066176720424,-5.758598962923454,113.07145912478761,0.02223858,5.886492
922225002820369152,119.5542083173886,41.30064250416778,112.99267789745944,0.02585768,10.665649
2400808245117576704,339.69068815030255,-20.614689446269768,112.98665781642164,0.038716473,10.21215
3519785523672576384,186.22388950027022,-18.25255602337988,112.673969367493,0.024117958,10.290013
5260451999700465536,97.69292692592067,-76.71700457680214,112.65840008030332,0.093428634,13.199735
4736655036868019072,53.56719574134565,-49.89008390582608,112.60996206044993,0.0557216,15.837138
5260451999698559872,97.69447071943821,-76.71691328105032,112.59875347455532,0.1308523,13.44563
2964001014514075520,86.10910372271664,-22.42340450564174,112.46606502613807,0.02246881,5.868166
2400808142038361088,339.6920274130413,-20.62148673061316,112.38592357649058,0.055467818,8.170376
2964000159821218432,86.11439122579156,-22.45002336420253,112.29602820037746,0.14516802,3.476823
3089711447388931584,124.03158305457569,1.3028427269823109,111.86977668317493,0.022784311,9.133169
981548637301374336,105.98716288465668,52.69772729783498,110.82634141717595,0.6945045,11.699139
1057318835428596096,169.9881036824331,65.84729793562252,110.23053640673568,0.016632896,8.527628
3478160727866058368,173.8619077285848,-32.543748247776854,110.17107046121285,0.020424576,8.896746
5164120762333028736,55.811663307520355,-9.760083664068041,110.02539078597692,0.19444616,3.2755666
74203982469858816,34.126686286501574,13.584959360471915,109.94998579551846,0.07035666,13.555757
2349916559152267008,10.356219925370175,-22.35233354272889,109.92764165734953,0.02020457,14.297183
1893189736896880640,330.306566078579,28.30710892040449,109.85476445728253,0.025859196,10.6348
954697944875755136,103.12722334041374,47.17695671420637,109.7650559630471,0.27820885,18.781694
6109949904687424640,212.99539892266262,-41.539721990460095,109.7322981748391,0.23160812,13.419059
5717278911884258176,115.09192337695882,-17.41606611553706,109.34396565048813,0.018100515,12.970207
5717278911884264576,115.0860829678518,-17.415137719851018,109.25448246098924,0.03917484,13.95689
3303349202364648320,58.84840242722281,11.559360051407344,109.13810688571644,0.48333266,19.535187
4034171629042489088,178.26735320817272,37.69282694689086,109.02963997046682,0.019686269,6.1985016
1470462322431834880,205.6796933622798,33.286923865549426,108.79034810659502,0.04401583,10.71994
1460229442589223424,197.9642816133702,27.882105372524595,108.72500920524958,0.16446067,4.093279
4371611781971072768,267.6016120498805,-0.26995464832350585,108.58090208988929,0.19848228,
2976507997939000064,77.14837445280509,-18.178273078582706,108.32540981694386,0.0976161,9.05489
2976850598890749824,75.83262223513711,-17.375510085672932,108.27324701475469,0.039790057,10.561693
2571094283835172736,30.56463581614585,10.335957901329609,108.25824276088214,0.057761323,13.43526
6401464693867773568,321.61171581249374,-65.3626399731515,108.01020563892783,0.10606345,4.0891333
3085716990368639744,117.97896837066911,-0.006769120798188667,107.84878596134138,0.04206865,11.653467
3269362645115584640,49.841600693178854,3.3706161908023495,107.8023393880993,0.1837598,4.6564903
1227133699053734528,214.1007048706065,13.807844590980304,107.7374959463015,0.21634701,18.328342
5381537023379295744,176.62723833501605,-40.49486212870635,107.4237327880164,0.035096146,11.724745
423027104407576576,2.874734923550554,59.13922658078038,107.38727063119035,0.027303873,13.467986
5381537023379295232,176.62052057636615,-40.498565145629904,107.30243385622761,0.08731465,4.701676
5138510181584617856,31.2762752397911,-17.615403066083893,107.29720247543435,0.23074427,9.17051
4485574134969389312,275.3683665207943,14.23247324605056,107.03389973358114,0.18557437,18.652378
4667836363565989120,55.03513536747006,-67.39901254142404,106.86018732729843,0.43787384,20.045534
3727748630418376704,209.55650642406135,12.582063477437002,106.84044046439892,0.041284353,11.051151
5020179503252128768,31.449610334078532,-30.17617825921,106.60957230063393,0.027331987,11.050699
3186021141200137472,69.44860243520402,-8.826516218606763,106.33898970249588,0.015222114,13.600672
5412250540681250560,146.12137189336056,-45.77909735114582,106.17268218621597,0.014093538,9.158753
5664814198431308288,144.00748512333524,-21.665200855258018,105.97890913558383,0.022696694,9.891662
5368479017141170304,179.85615309644894,-52.78916142373409,105.70523312526174,0.09215584,16.013762
1143321672882274560,92.58432174711153,82.10081629100655,105.69034761779739,0.014169129,9.470075
4147112604476417792,271.43447434344563,-14.378357625594514,105.52292580796777,0.036142536,13.255206
3409711211681795584,70.73548173808452,18.953202926391814,105.42748417135273,0.021029381,9.004439
6078114541943893888,189.46009727129754,-52.00134627910898,105.34666432766488,0.021332793,9.565008
1040827088726734976,130.331590389547,59.49165865053633,105.29350582131478,0.031286426,13.082282
5203276810942065536,139.28558758927346,-77.82674697465572,105.03359374375755,0.026477605,11.5566025
970354749937140736,90.62210758518228,49.86182103675996,104.95896402103264,0.034662623,12.681532
1810616448010879488,310.14718809392286,15.502590198203675,104.91901080176949,0.0299567,11.837387
1349047857580994560,265.9832423101327,43.37593023818892,104.91474639894832,0.017698266,9.450096
628080246633611520,148.4782397121578,20.948079178895128,104.76384886334955,0.0356943,12.36353
3478127467639543296,173.62327851191714,-32.83031725241797,104.6570356923785,0.026720122,14.548313
3478127463341507072,173.61931513361625,-32.82768460705796,104.6132883058554,0.027652346,5.7383237
2188318517720321664,306.5243172601894,58.57537971545967,104.44145826068146,0.026091075,12.352267
4025850731201819392,175.26250050618376,34.19993957543697,104.42517041496379,0.100499645,5.1109953
6779821003058453120,312.5691416793731,-34.413153176093374,104.13101101563805,0.03460256,12.0486
5425628298649940608,144.94009578928657,-41.065969983608085,104.0957433164141,0.017555553,9.631405
43574131143039104,58.17597943609416,17.014956629753385,103.50079405457333,0.08819867,12.176142
1725759404752580736,211.37927527966667,83.8427056014529,103.44742930702999,0.4872679,20.120592
5946986063684477056,263.80723698261943,-48.67877743078911,103.30805319435495,0.021558356,9.293614
5946986063671469824,263.8059466621306,-48.67780401885913,103.202705055613,0.046161182,11.613846
6254033894121581952,235.51777703710027,-19.476366652438784,103.17978190067224,0.31588787,10.685861
6794047652729201024,311.2911826481039,-31.3425000799281,102.9431913175485,0.023112189,7.8434396
4698424845771339520,25.75030396963025,-67.31295815760012,102.90778143705751,0.01108138,13.696558
1749030362195988096,307.6793554237034,7.826109074596544,102.7965519033275,0.8009058,20.135214
750586216906847104,162.43628733718958,35.542869572300205,102.75212885827295,0.40586728,11.625256
5052876333365036928,44.36088479989624,-31.096292745521065,102.6992596547482,0.4758745,19.888165
3200303384927512960,70.09847133151465,-5.501688546295259,102.59423728721372,0.06124402,14.904285
4017860992519744384,175.55067547083934,26.70295395358736,102.30138546700663,0.030192282,9.582008
2358022227591374336,16.23022246917644,-18.122448954793846,102.28274631661318,0.035804268,12.697248
6792436799477051904,310.4647312153549,-32.437514921328194,101.97239029860124,0.07701546,9.605488
1589250088362827776,228.7472256453729,48.8013123316322,101.96447580239942,0.2567181,19.241777
1314438839310796800,251.27624770078947,33.510924834032046,101.56148649807155,0.0150328865,7.4861526
522863309964987520,15.668950820681058,62.345451222893885,101.42379529598418,0.016878147,8.671337
522864272041351296,15.839644585280979,62.36589259248621,101.37235858535027,0.047951706,11.927245
527956488340229632,8.14303081725879,67.23432836058251,101.08642729912918,0.46074644,9.566636
4318384355378007424,294.0057292155468,15.59871595756036,101.08168901119824,3.468207,20.618402
4358031335898505472,249.09140230088192,-2.3259612815161246,101.07188811909556,0.050075587,5.5535517
5699418131466175488,123.79719661239764,-23.737393793190947,101.04081512316355,0.02692017,11.059386
1412645602995521920,255.85040248888004,51.40906417008386,100.92736593436285,0.021884069,11.981026
272855565763652480,69.42278387138005,52.89150297231415,100.91605993172233,0.026600812,7.9525313
3840711729206827520,142.68324346444365,0.32022324371767896,100.90325241620975,0.02646633,10.501792
6792436799475128960,310.464334034236,-32.437036784381455,100.79210677742213,0.072626956,9.575837
3243715604392800512,57.6825473764549,-6.100991036847448,100.72988106724877,0.040944874,11.477213
4535928365908540416,280.2931336884971,24.787728362716255,100.68500426698174,0.021461897,10.725493
6109610086872510592,210.96248100755366,-42.699347027825176,100.60251218748147,0.033572633,11.695198
4535928365908541440,280.2932736323553,24.789034718675914,100.5552800669169,0.030998288,12.936422
1187851653287128576,223.62310860272,16.100530964762918,100.52427049433877,0.021006696,9.123367
527956488339113600,8.142840068147475,67.23327824206002,100.3966028700123,0.037439648,11.106811
1618010323247026560,217.6503357938043,59.72427392962494,100.31097867293174,0.043694653,14.843737
102162639019033600,38.40513666109431,24.92413187711575,100.14654474186186,0.042935688,11.529306
3359074685047632640,99.29143146487576,17.566316517740663,100.02319547433648,0.020844575,8.878268
1205070452055788928,240.70770535248042,20.583654043582936,99.79477183154232,0.032789495,11.167263
512167948043650816,26.94267663257596,63.85140778824967,99.59015235307109,0.04383567,5.4103966
1045525233191254784,153.14209679387085,57.06123755178822,99.55846603469661,0.03768391,10.524281
4725889546721486976,39.14027962211789,-59.46617247284098,99.52312935819627,0.03165347,12.611962
751975660302006784,160.3996414218253,37.60928436965462,99.46190936732785,0.033291128,11.5485115
1661568850770761600,209.3832813779638,61.49382239097013,99.3324946213853,0.019349445,6.169921
6012446244330608768,234.1417892978867,-37.909940098249024,99.18457214897477,0.04347042,11.374842
1010729194865571456,135.1322606052177,46.5840885943522,99.16495239927531,0.035657045,11.792696
6377828354964753792,358.46317351524806,-75.63421868521044,98.84898531472099,0.01670537,9.00723
4389844948935164544,262.59483404601906,5.547410099313729,98.84390060325413,0.015594923,8.53296
3487062064765702272,179.47876692481427,-27.709806064891307,98.2979742730708,0.020261995,6.5786986
3292000966760477312,76.06120711009983,11.057493260959767,98.23463281195772,0.033846352,12.219813
5264749303462961280,92.56235755341913,-74.75398809344104,97.9157940060883,0.057268422,4.9001403
3338097377577012480,81.99976842562212,9.640568493579861,97.8867754269512,0.02878483,11.174757
5264749303457104384,92.5589813200266,-74.75420492762049,97.86660800672941,0.089776866,12.365336
6073573215330461952,191.47157086795116,-55.114536629695976,97.80907593742921,0.023069251,12.107826
6825822095663585536,333.43259243982493,-17.687104968846214,97.67621438764235,0.037482727,12.067119
4999067471248893952,10.855453981100336,-41.29537352681517,97.66080942310745,0.03226839,11.5579195
6650117736660187136,280.7780058472517,-54.61562415094667,97.65983988560811,0.030533677,11.496225
229155579195699456,64.97040176423637,42.552042686039414,97.4489959770632,0.09534248,15.555148
1022780838739029120,138.97555324978268,53.41831058432857,97.34496900005604,0.021751553,13.782189
3421840993510952192,77.58263149822184,27.23104763817728,97.31851018481419,0.070833296,14.925671
4514347014282093312,287.45898037907256,17.66656000356141,97.24179738400261,0.044807963,11.950281
327944328126649856,34.29473704167926,35.44121898612927,96.7355313539234,0.04751567,13.68886
5160075762132996992,43.13567823945298,-12.770554604772986,96.52004136143886,0.025844626,5.8122654
6491249026683800832,344.09817116277344,-60.0678541150227,96.33615242325035,0.030034969,12.299438
4572835535272627712,254.53630439635958,25.741901295427926,96.23334220914137,0.02437334,8.823617
1762523981210977664,311.1575675254911,15.292303822792627,96.20217792766617,0.05734525,15.267816
4646535078125821568,47.62973152269491,-68.6013979360917,96.18335870347249,0.028869182,11.409583
3657653114880309248,210.25961163218636,-2.6522069184095076,95.95746561284176,0.02534838,8.863359
4805600119646735616,83.3667058276365,-42.95553305572998,95.93197430133851,0.24560891,11.066227
1016186483391641216,137.15547190532683,50.53352258401724,95.92903009392947,0.5493226,19.737457
3489719481290397696,181.36134404486526,-23.552365030827776,95.90170123713744,0.018155761,12.738089
5299440441521812992,140.39914047697528,-60.2811438583444,95.69817587266935,0.014502031,8.680594
5715352842388433664,114.67284553042101,-21.226690956258572,95.66344173957205,0.021124408,10.61079
4364527594192166400,256.26005485188347,-5.071571994790812,95.56697122169996,0.024146535,7.2647023
4364480521350598144,256.3033222371967,-5.099267007481263,95.5597040061285,0.021423033,9.177887
788357434914248448,169.87953937654436,46.69261027622741,95.5222210669127,0.07828552,13.658261
4566158991430299520,252.74157915522798,22.453352014101526,95.51988583926105,0.025642665,12.399279
5249863805819472640,145.71175224473672,-63.631908378052884,95.47592246851744,0.021433007,11.763151
2997171394834174976,89.83256483907208,-14.081838232219802,95.27143701161523,0.7178836,20.129784
445100418805396608,52.70255404316823,54.231972478973546,95.21691603206115,0.039164517,13.714347
4201781696994082944,290.13909487970443,-7.662944466801488,95.1783951524141,0.031006021,10.972157
4201781696994073472,290.1452376415212,-7.667404304342344,95.17577811152343,0.029248245,12.253493
2515037264041041536,33.07959930325112,3.567385154970191,95.16060614858952,0.024669407,9.205841
1051547052218220160,149.0331749118223,62.78586947842925,95.04771290601064,0.015691645,8.231167
426641955043723520,15.336900310600058,61.36213773499954,94.97013378459856,0.017161392,9.846085
2467732906559754496,27.769525129441792,-6.119239184112927,94.71129648160505,0.049404897,12.701375
2531195858721613056,17.464999678254976,-3.723958771440576,94.62252050825498,0.20264025,16.349545
2683023811628007296,330.54080176553964,1.3989923770073878,94.56366650017529,0.047273144,8.403359
436648129327098496,47.27540485964256,49.612873858437766,94.54120718732504,0.14481215,3.9026392
4516795626657707008,290.4067345816517,20.86110512806954,94.39897902110629,0.043356072,11.934466
2817999068780218368,350.4035366349682,17.284242398759528,94.36672394942809,0.028674357,10.35875
6235533167875990272,238.1869310006881,-26.38915421137295,94.3572802841624,0.05277486,14.07837
3171631420210205056,68.81802669744249,-16.114491965535613,94.30540423531323,0.20985138,14.606592
5271055243163629056,124.53289609935437,-68.31451297878304,94.26635965165642,0.015486798,10.605513
978338677527779200,106.90707091399625,48.68573489188429,94.21999921776138,0.024883416,12.026921
4078319494857310336,280.54710817071043,-23.484031970853025,94.2155945025608,0.028646987,10.965031
4295619138933719808,290.5053135617552,7.039776545868733,94.1928882005881,0.026373863,11.257279
3489874340630661248,183.53565753332592,-23.755029874500032,94.17662136293448,1.0774944,20.577303
2289304297045379456,291.0745256610773,75.55592273663505,94.06735403613871,0.019581584,13.380432
5848753805085988352,223.53849427608563,-66.08142937993206,93.94183047042658,0.36514124,18.436214
2028065934962125184,296.43919605904483,27.119906562885127,93.87899660952739,0.029522007,11.477593
2028065934962124928,296.4398117493424,27.120218288513406,93.87490923219482,0.03245455,12.005642
3689602277083844480,192.6813956424772,-0.7698943811117503,93.85471265143892,0.024546528,7.822748
6349094336559890944,311.67110431814064,-81.72287607644574,93.74305337655306,0.018379763,10.387828
5272690766709543680,125.3567266023035,-67.05262825043658,93.67197325627788,0.019502597,15.077436
1262763648230973440,225.2839023288742,22.83363768365745,93.16551240283296,0.13552776,16.509804
4574048021719710848,259.9747987710552,26.50241183806962,92.98565081391038,0.025243877,10.147985
4574048021719712640,259.9695666590066,26.502318754868263,92.95830529602016,0.030471455,11.458686
5382868669400908928,172.93957728244337,-41.045677215569405,92.92837858868671,0.025705671,10.248216
4937000898856156288,32.62294594706244,-50.82090583925884,92.92514044230325,0.04607932,5.893562
1642642957122493824,244.1832577377468,67.25664062629953,92.89848935019698,0.016005045,9.618664
3489874340631095936,183.5363721475547,-23.75432290382595,92.88918596143745,0.03086754,12.29384
1642641410934267008,244.17238993246437,67.2392157683359,92.87660493860945,0.014588618,7.9017744
3536123338748976256,167.37670664621479,-24.600629589084512,92.80355717896992,0.026812406,9.466609
4223813264304668288,302.32583654605094,-1.2289714355165018,92.65249154899843,0.044357225,12.672939
4937000898856154624,32.62406949532682,-50.820823199984886,92.6160563378182,0.15740973,13.0888405
2090085056523454464,280.4944113394081,31.830526444225434,92.61274331836513,0.017430982,10.201433
664214600677732864,126.32931321958031,21.26297407961963,92.60057937573538,0.8220848,20.402082
6290519435137636224,209.7907314283468,-19.835179948860276,92.4688775242243,0.03874835,11.396397
453562088496088320,42.14855510212976,54.387861136028064,92.0361989364657,0.03017235,15.117151
5062273240775788416,39.96417378346193,-34.14005671978969,92.00283104844637,0.017503658,10.681553
395234439752169344,3.0582193135460027,50.41997493299496,91.96457630276807,0.018302355,14.236328
881250430700478080,119.66694581465701,32.788522307561436,91.92946235805418,1.7396984,20.88108
6324308389531786112,217.7529796815058,-12.297869679498262,91.89623713745944,0.035875946,10.667789
179700710496485504,67.60697228135813,39.847325823269244,91.84290429044435,0.026944173,12.306654
2601148128510120576,337.2249544738424,-13.42671543039278,91.83819699106915,0.053902745,14.5433
5213167330349528064,117.3008524617764,-76.70272278517169,91.82632072954252,0.018486017,10.162108
2110165780975185792,278.6530518091756,40.12307795291824,91.79954384973269,0.018584924,10.168245
2232348941893483520,358.11138892073694,75.54465568935427,91.7722368206015,0.042484567,6.0537324
5657274198660921472,148.8489090294773,-27.262009487759073,91.7370510095955,0.038858265,10.815969
326173044957518080,34.26965162484768,34.22313618253068,91.6503559470644,0.42705396,4.6710567
1003752587430126464,103.52263282869002,60.867337762118105,91.6112468233174,0.5031146,10.003271
1669449084967071872,220.58662378500725,66.05561864866871,91.47905102923112,0.0156019805,9.854037
4505805591300126080,280.6872687939103,13.906220985923317,91.46437521554849,0.02833133,11.40063
6265453524968112640,233.73300367948724,-14.315148845721595,91.42155251977951,0.111615576,15.747602
1471777269618346240,204.37162014920295,35.71750160326199,91.38759677020911,0.01851087,8.357506
1669449084967072000,220.58818818669567,66.0555785489988,91.35668867831825,0.09077034,15.768858
1431783457574556672,252.10793777808894,59.05497068953857,91.33996015398594,0.021994025,12.278974
3493736924979792768,178.92674906227322,-22.4171647007583,91.26917049175621,0.07413615,15.096619
1287312100751643776,217.1782722724106,33.17441210569135,91.16336899570281,0.09944558,16.609138
4846689899968623744,53.23079051788499,-44.701350214389144,91.147672224769,0.014975108,10.390617
3496355755520065408,189.8989000476626,-26.970549522793522,91.11268228893773,0.03062747,13.392563
3936909723803146368,199.21567170723338,17.016001701566957,91.01762240593436,0.023557084,6.297682
5683871247496205312,146.18979553814498,-18.214363698648825,90.99318781791534,0.027103992,11.08249
3936909723803146496,199.21782799373887,17.015463674461422,90.94750008166896,0.02317768,8.86984
3796442680948579328,177.67712091756832,1.763518531662046,90.89451645739487,0.19339867,3.468565
5369480397355535872,175.83729025207458,-51.84293422356801,90.73352543490094,0.017252995,9.5068655
772430527947893632,175.43249920718978,42.75157375642011,90.68960370416661,0.025770951,10.582106
1792830060723673472,325.66979005004237,20.996591687683974,90.54537622087194,0.016760439,13.174672
2616132101175106816,334.3269747930502,-8.804702900332636,90.48928671844165,0.22206937,12.086389
5134635708766250752,28.208951776479687,-22.43486455959262,90.417087740951,0.021281939,8.186272
4947513157730843136,41.29488660260175,-43.74395570978885,90.17717039545313,0.024988465,11.048344
4776266794388393472,73.38100536092082,-55.8599651712478,90.16750586587709,0.016622616,9.915909
4776266798684508928,73.37843024194483,-55.858486559127094,90.1467287547449,0.020926774,10.738495
4610177733290768896,272.40410478228273,38.45569569551031,90.12337582042167,0.0155898025,6.1298075
4588438567346043776,276.5340620561428,30.235540273676598,90.08581468837797,0.08324382,15.930876
2802397960855105920,9.838652915455736,21.24883304644718,90.02481648583029,0.048158985,5.6543193
4282578724832056576,284.49969040220066,5.902697482860106,90.02115298994214,0.021416826,8.460503
411311395692644224,15.495585706669338,54.18217771927336,90.01291497834785,0.025714919,13.151
5302788969815543936,129.50851733832945,-58.934301092646784,89.99288677083074,0.23559035,14.523797
4310275491469537152,283.8646200933993,8.402201722468257,89.90645523767196,0.026066944,9.030238
3059246454092369024,109.32310142871492,-5.0193865914700995,89.82024828337909,0.02877511,11.861726
2616132101175335936,334.3256811695789,-8.806486660337637,89.73400494631565,0.13504086,12.901172
438829629114680704,41.05222216366374,49.22805187168278,89.68495177109118,0.16380331,3.9830012
1508886439891509248,210.6418022886379,46.33971658723269,89.60227871845898,0.028863689,9.027913
1193030490492925824,239.11469743534354,15.655912590196278,89.56466413447797,0.18347327,3.694426
1508886439891508736,210.64244517648848,46.34065650294364,89.53273702346151,0.028462857,9.161387
5544743925212648320,123.11241756747457,-35.49549759663225,89.50642598239092,0.015485769,14.346308
438829835272390784,41.044939504692216,49.23139692008499,89.3738958436431,0.032019433,9.139716
5571142580908768384,92.7211184738034,-43.40164255784951,89.37095811438479,0.020640425,10.995794
5528866839863569024,130.82340727277085,-38.88086880797599,89.35224058068819,0.0150950765,6.284586
6294928369390563968,206.45987655621826,-17.97068075088794,89.32557498587661,0.022517212,10.598303
5292028393100840320,110.21409706569334,-62.16902108648849,89.19702943232933,0.014730229,11.13792
3184351876391975808,69.42341319622317,-11.03975218734874,89.18972846197906,0.019916328,9.408144
1208695640675619584,230.9612451438866,17.460359765121662,89.12839436515914,0.033075817,12.195167
3218697767783768320,87.83167502627973,-0.17152175238197023,89.11206739900385,0.021058416,14.425181
709563717249089792,130.06766840125894,31.45242630658037,89.0701961270145,0.030670695,10.989865
145421309108301184,67.25019487312947,21.92347532672426,89.05460882101701,0.023446703,7.7041116
890663968222557440,105.15346805778951,31.954629846701277,89.01818111840318,0.3676292,18.14311
798068905726303232,143.9106108359265,35.80898121341234,89.009238360773,0.09367613,5.200431
4295524821431807232,291.30336434653685,7.011040959824217,88.99709524609484,0.62734646,19.926188
798068940086479104,143.9127091741506,35.809996593021495,88.9811810849401,0.10018025,11.182262
1332966881549315456,247.8274448005916,40.86572384148289,88.8226975511887,0.026107742,12.927332
975968718869126144,112.67690130725812,48.19395397764997,88.7231202625499,0.0298065,12.11649
4327580052130121728,251.34039587353647,-13.334776311065896,88.69700701248088,0.12102614,17.20559
4383790518216171264,250.02571538084769,0.7045342401421566,88.6929302568156,0.029005282,12.179532
5412947081295024896,147.782210929189,-43.50488163509864,88.67366322546205,0.01725003,7.196408
5959737748540750592,259.72598916547736,-41.53185283525289,88.61369832442405,0.07078284,14.553508
6746465363619405824,297.901838319155,-35.17702653343996,88.42400289993235,0.050523203,12.4290085
2560771312759450496,25.832196670357842,4.318255356429924,88.30597070744219,0.023291193,9.907381
4989399774745144448,15.720962344336396,-37.627709358232806,88.29148364566794,0.05580895,15.338341
6746465363623545984,297.90137035633575,-35.17664567118845,88.20701360002398,0.07449614,12.205737
2109049433075668480,274.5155374143846,38.77115776695709,88.01086889240217,0.017144732,10.748591
2109049433075667584,274.51201441539496,38.771513591166915,87.98137675447622,0.020579023,12.178306
191109281417914880,84.85713696339813,40.64152329977908,87.97466867359388,0.08009635,15.273339
2911981886751531648,91.9313221336463,-25.745763611837013,87.70201142126037,0.018660428,10.737674
4656782698309778432,88.3603907587593,-71.56206618017886,87.68027391416446,0.02678131,14.089678
3339921875389105152,84.12911430605554,11.327618308646477,87.529739914385,0.02423139,8.195061
1266092694561970432,223.46080112078175,23.5562410319204,87.50119907203403,0.06497582,10.727757
6380214844952702848,354.90793158181526,-72.72542944515125,87.37235542781944,0.018673154,6.753961
3339914973377653760,84.16024229906046,11.296613294698856,87.34527041122139,0.0337545,11.196607
1214160733157163008,230.47094024402693,20.97832225750799,87.3251282499995,0.021393318,9.124214
1099288637370627072,104.49025985938317,62.319580264093716,87.24166697188599,0.13359119,13.639243
1612801833587498240,224.47615012413098,56.65392257727081,87.20321595615951,0.026358899,13.572975
6743125631414820224,288.16782061103294,-36.25773830304885,87.08411564393202,0.07164669,12.492158
1099288633074163328,104.49096610061352,62.319719876796356,87.03112634346951,0.049590927,12.148522
3059182338820698624,108.29665561709618,-5.198202455814469,87.00701510121183,0.025045197,10.169039
392350008432819328,3.9121438389884853,47.58934198184821,86.99250931647948,0.036480345,9.992615
5159273530961537280,44.543868419797654,-12.882602840627078,86.95743346181864,0.03548757,11.579974
386655019234959872,1.3009212651019344,45.785894350455116,86.92985294608008,0.017042965,9.08505
3737308025029348608,195.1911254275066,12.3755949261537,86.90096932259803,0.11696227,8.89914
3560746351897773952,172.7868136620019,-14.962011892010477,86.9000482194625,0.047576394,12.562663
2669873515120908544,326.82387294144644,-4.744613685896646,86.87323337500877,0.04013446,12.605769
386653747925624576,1.4262386378366099,45.80971591580014,86.82060614940866,0.029744592,8.300702
6160573275451466752,191.62349103261755,-31.660402573466524,86.81704226710433,1.4892788,20.674969
386653851004022144,1.4265906375173685,45.811373876292514,86.80034639406611,0.024339102,8.25029
3912369208386557440,178.53324514004805,9.802773361080156,86.77858242068082,0.036294706,11.527947
614543647497149056,145.29015483359296,13.208925979812514,86.61958910034566,0.021846896,9.442556
4946938113149426944,38.59437994852723,-43.797656906533284,86.61238273731313,0.03549785,8.196382
6409685433069148288,329.90241321791643,-59.75337286630774,86.56130818207497,0.01739932,8.91724
6114232433761438208,209.53254015680207,-39.63592927128449,86.5404506772896,0.025836196,12.618702
4235280071072332672,299.11983048810464,-1.0455473629574281,86.46580129657241,0.016304245,13.591183
1118916397395366656,133.8353488310195,70.79295091027184,86.35422037657243,0.03581542,8.27417
1118916397393675648,133.83554432436412,70.79208043103725,86.30367448068573,0.039040413,8.067136
5185493447310441728,42.81745198144149,-3.8882601693023133,86.29320806413826,0.18863557,17.976585
1266092694562422912,223.4610677954632,23.556244599185025,86.27588304488538,0.1858305,11.75485
2629427189619178368,336.1848241409647,-1.9853510894528266,86.15135317797584,0.40802577,19.352486
6421389047155380352,283.9552174797081,-69.24056104171599,86.1408962780358,0.042240176,14.226747
1236929488664453376,223.34694623244295,19.153760857444336,85.99323916198021,0.5515694,5.7661414
6838311796136238976,326.76139246141946,-16.128607188133948,85.94055985093036,0.33271763,2.836813
5550620058937466880,95.27757860461126,-49.09274147732291,85.90974675331594,0.016728261,12.016486
605079910398496640,134.08122584963937,12.662731415781227,85.80428137734184,0.028488109,12.760623
3457493517036545280,90.62784809820145,39.1806905535364,85.75744552331717,0.12618959,17.23265
5895265380327966464,213.30650650722762,-56.741262094420925,85.72400424040188,0.018292425,9.343476
6364795328244240256,272.81643002055984,-78.98860780809746,85.71192211427798,0.11387588,12.732754
2030861099681010304,300.0256999403315,30.964601663914884,85.67580143318006,0.03195475,14.3020525
6364795328246346112,272.81495048666767,-78.9883353114025,85.6340687124235,0.4624373,11.240905
5334356223546958464,171.15924236861943,-61.648013531415735,85.61287068169932,0.021384621,8.075447
5723739672264914176,127.13972607496012,-13.155389282912278,85.60140584357408,0.14311506,17.581934
4763897739549071744,76.44711331099732,-57.553300885193075,85.53008720973203,0.015013209,8.285325
4763906879239461632,76.3774682786158,-57.47218051585344,85.52329311905011,0.07553504,4.550013
6213248060043565184,230.55627655949746,-27.825797312308065,85.47315562000797,0.02547793,11.938525
4822636399484228224,79.34425241093663,-35.36592307249036,85.45190598238578,0.28980097,10.348972
1586968533013974528,225.23315891676822,45.42719495066728,85.4272212919698,0.06552934,11.717453
1182574753387703680,226.7214820355615,13.351625200859788,85.42497964479966,0.1902027,18.361835
1586968533015434624,225.23295712928606,45.427733172802014,85.4119444807103,0.025513936,8.467483
1776317182780536064,332.87693362037527,18.426998565560215,85.405993274552,0.021824164,9.258272
3060641356390249728,112.19128658651584,-3.301647006516706,85.2176772433136,0.051778194,10.296098
4721111481504887040,43.10219643138415,-63.676991712882106,85.11684398839553,0.027555823,10.325339
5032683355641241472,14.622927124027411,-27.858385088201203,84.97896047373257,0.46147266,10.572564
6887029163498137856,313.91378245728913,-14.037655663551345,84.85630425628715,0.47071236,11.062044
3100542495921276160,100.05875121900114,-5.875749795160788,84.79689812369861,0.016994588,9.310769
3460806448649173504,178.91497468580934,-37.46337796594098,84.7295814629436,0.1495661,17.625954
1088813933689615872,113.60946222158073,62.940999988434626,84.70006581982092,0.016739901,9.652589
5866992641380992256,214.76617301528017,-59.38264069990895,84.60291005524316,0.021768823,6.354505
6885776098199761024,317.32587881622555,-13.31137231459359,84.44018320948496,0.025683865,10.027026
6118581861234228352,216.36501919485525,-36.841877719814676,84.42185654875391,0.31180286,18.931221
558611490995613056,30.47990733603085,73.54177186327202,84.39373746893237,0.1107717,13.151127
4269379774976572160,286.95038827170777,4.287781177750233,84.38761404741018,2.4856355,20.029032
6608187792013441792,339.60278048440296,-29.35505070160671,84.37829957485404,0.021764468,9.93711
6608187792013181312,339.6059287587044,-29.35802125906652,84.36745206683383,0.034112383,11.368919
1071194431653425280,145.63642599574993,70.0326740617471,84.32808364905566,0.017220698,9.574072
6137710099384586240,198.28274383514085,-41.5109360365971,84.31428584114606,0.44667673,11.401026
1251824057289839744,207.00533857595104,23.58012342188568,84.31052432709014,0.028874354,15.338058
1071195187567668480,145.7067959092211,70.0382309918793,84.29833015982618,0.018225905,10.080184
2052891361294411520,289.74443824673165,38.72151454983126,84.24434883357806,0.016932584,14.468728
1251824607045654016,207.04869237692137,23.614073287892467,84.2246337028907,0.026624229,13.441506
1518564478676515712,189.11736017524785,35.19971562564376,84.22249346395863,0.16134381,12.246696
732857558276385664,167.7745997052698,30.445141490471975,84.17656725244895,0.025834568,7.7352266
732856080807636224,167.76369133153824,30.443892892292382,84.15535722299161,0.01997997,9.054922
514923083669786112,30.394655289650444,63.769578629484386,84.05535611757442,0.03160534,9.9323845
1326893351115617024,251.6292959257543,34.580290245898446,84.0079414961219,0.031360738,14.285157
1891598193816300544,331.7542260532072,25.34522096646813,84.00535559575758,0.20232865,3.6638713
3310083401849536384,69.8813981708779,16.258397456266078,83.99483372701643,0.028533233,13.54909
3341624061123288448,83.71660430393523,13.87787924781139,83.9705585287,0.022582054,10.6154585
6517274535632335872,340.08216256511923,-49.51636312272299,83.93672372025935,0.03589504,13.356599
4430238051199001216,236.60988904592512,7.352758689332476,83.921443569609,0.15005308,4.246856
883439489632629120,109.08221549977452,27.14164565299547,83.87595614967746,0.3863886,9.736692
6517274496976569344,340.0810637443171,-49.517146869093644,83.85768795617837,0.027883355,13.1612015
4518262684390915200,282.47643022098663,18.67338861245908,83.78647818163225,0.03121328,12.531818
3988689609004982912,165.660442631078,21.96690929052043,83.76419563486569,0.020357914,8.811089
2979590513145784192,73.46015657149674,-17.776283502998492,83.68966533704628,0.015969025,9.938216
3838384617141390208,140.4513282977866,-2.328676307427825,83.67821563892144,0.02296773,11.036237
6539166877292779264,354.2244271769137,-36.480760835989614,83.67637554552375,0.023160523,12.240437
354077348697687424,35.56244783524825,47.880213287675296,83.66062193439063,0.026224768,8.636086
4595127343251508992,262.8734755822196,27.355330103711275,83.6539942300634,0.08501506,16.781408
4364185165038935040,256.8480177069732,-5.97359242799324,83.58184320975984,0.19127506,16.941357
898506097466756352,112.98899633165921,36.217950231456044,83.52137276007491,0.13111259,12.269101
4015042738059517440,185.36164355544952,30.642055780659078,83.50380208181748,0.08259564,13.36711
2080285727861817088,297.79001858504904,46.48457360658962,83.49395957331558,0.017237656,11.543919
4015042738059517568,185.36037227492417,30.642659469169146,83.4631594994889,0.03228167,13.4358
898506166187633280,112.98739022537632,36.22866483400494,83.3999781450608,0.025737088,10.505624
898506093171335424,112.9890898422161,36.21837685594759,83.37884709560089,0.048682466,9.601197
5439029627401396096,146.491875412928,-32.89101863068049,83.24973178967333,0.037166633,12.407915
3683687763520080384,190.41242708810614,-1.4490230625523142,83.19347753572258,0.5074141,3.4332993
4508377078422114944,279.0809524821553,13.608565199505211,83.14400588522535,0.028944645,11.153768
1341113541156480768,257.89598966788463,38.44254560681901,83.06866367689253,0.01781857,10.420489
4722135642226902656,49.56622620807744,-62.5034842270098,83.06064664354982,0.060815644,5.0796084
4722111590409480064,49.45525439342999,-62.572432544470445,83.02397018243857,0.043765128,5.344616
4055579464064558592,266.6704915930946,-32.23412636909977,82.98044152775957,0.036506638,13.950101
476809509515283712,63.076027344041044,64.73018080218111,82.90278034597667,0.020169007,12.211264
2070115588901082368,311.2697846821949,44.5002726683959,82.8902722674978,0.01672858,9.828687
5808612830236138368,247.1198786603902,-70.08390985846162,82.86994368147813,0.16266629,4.7439675
6592223158057230592,324.68746814954505,-33.66763894068804,82.67729471781536,0.044753212,11.286115
547381594623756416,47.771960037151786,73.76736018461561,82.66062029486508,0.019240245,13.015211
5427791278545931264,138.56936193777068,-41.57480208152498,82.46035173961869,0.018572368,13.25048
4587614930058979584,279.8882509500303,29.870257114332887,82.35604225801755,0.044028457,15.074403
4996141155411984128,1.149203206864745,-40.74178765539875,82.34660183411951,0.2554237,18.372276
3407785622839603968,78.17726253072034,19.666725360748927,82.31042963149854,0.020309998,9.814525
5640565607657897728,128.20875984158528,-31.497462976881874,82.20799300166873,0.017784711,6.168385
2768048564768256512,3.958001989119532,13.557663185407279,82.19379738137908,0.032552015,11.399355
6579485487647973888,322.70477274528395,-40.71438758943439,82.09205385526184,0.027700448,11.778023
1554433777791815808,197.54841703158766,47.752447720374036,82.03930970465137,0.03067261,12.802547
5556620540565785600,96.19120978811503,-45.36352820069851,82.02476334752949,0.35834682,19.795998
3762231926405726720,160.7529993971504,-9.209721776944628,82.00054600006021,0.28547746,13.204992
4039831777499368960,266.75356473629233,-37.69815287553137,81.76966152425646,2.8950598,20.037308
1348028919540189056,259.9713259724025,41.710116980312826,81.73942443475299,0.028161045,10.346038
4609689240889873280,270.6937243792945,37.512417837636434,81.73879260239123,0.019290745,13.079426
4733113441195646592,54.73403875235281,-52.568615867333605,81.61040202560517,0.01974659,12.777951
2863419584886542080,5.128239996638605,33.08128045387165,81.57206255154,0.035997782,13.935161
3569610404187997696,182.52307872637712,-15.074546825329556,81.57031791622742,0.035388593,10.742186
3763445409285757824,164.39272990821704,-7.522698907313,81.50828167584473,0.024058733,14.239208
263916708025623680,85.33475293851619,53.478731438569575,81.4987133119068,0.025277,5.9909477
263916742385357056,85.37807337010766,53.48750978876841,81.46439142947709,0.023017565,8.918802
1097353325107339776,126.46147954966091,69.02796394356187,81.37306875080597,0.38778812,13.745982
1117132130541140736,135.72254605697339,68.06446038566975,81.36212634258685,0.024388075,11.359969
818808375085298944,140.2306770799029,45.647598946239206,81.29383661875056,1.532335,20.656647
4698037645878876800,31.86632145778327,-66.56822612915273,81.27838265830503,0.015186255,10.575351
4996141155411983744,1.1557978626946337,-40.740825073227725,81.22261378370459,0.034410898,11.510122
474987206435652608,58.29378718240847,62.56771136910784,81.20240265110372,0.039976895,10.43589
5185165891628969984,40.314644601412986,-4.538542485444145,81.19892749105797,0.044579778,12.250948
2853900872207888768,0.5466960564268589,27.07764869795461,81.17903537377352,0.4489585,5.5958757
4145132555890838784,270.0048284417198,-15.991307055710744,81.14618021342797,0.2193729,
6386280060329151616,358.3593934660763,-70.94461574811649,81.13615977267115,0.025188835,11.622757
6471497502884511232,310.5788689173076,-52.70400747589355,81.02792076812638,0.02281634,8.24046
640862653425455360,145.26076749717325,22.022373130313945,81.02373382378475,0.031308867,12.699531
6637963425890391552,284.37733049506585,-55.99312534030172,81.02054108827717,0.027752632,9.049827
6637963425886794752,284.37739686311943,-55.99386891119545,81.01134738676308,0.027841235,8.643511
4540481374832743040,259.4321138774718,11.668137650695137,80.84072827903502,0.14445834,13.209166
2525276565243086080,15.240444011358932,-4.447094086447559,80.78778141194462,0.038493775,11.9678
2681122098893985408,326.6718481188171,-0.1755173375144743,80.73788287850039,0.05178652,11.310232
4894945708668731264,69.75363653878574,-23.88637247111139,80.7266330030694,0.3582171,19.518845
930822015518055808,127.52714090400372,48.476427732183716,80.62890039892001,2.112684,20.710526
3288082758293022848,73.02457095863625,6.47519220606572,80.56233030288816,0.02359831,10.714013
5826168461855385472,238.7838064740902,-63.43251144584002,80.48541193436336,0.21874149,2.784391
5600272625752039296,118.72988609267786,-29.35124237608166,80.477557931406,0.10243094,12.004508
6729187672268648832,283.4183144183284,-38.616458311273774,80.41443827427436,0.026847826,11.327122
6381623044470172672,340.4960624875462,-75.00821792446833,80.39596371946803,0.027306559,13.919268
167202325215063168,60.40425876511105,28.830850805459676,80.3803592551793,0.21024427,18.532524
2541756977144595712,6.102300390912706,-1.9715863953017747,80.34408055734905,0.1875642,16.580486
4705628051386514304,16.02568403467347,-65.37498961991618,80.34366954677688,0.019667704,12.447152
156150240492946816,77.66340440529314,29.78023889010632,80.33526045489403,0.03306636,11.322462
5538156819768871552,118.72808136767863,-38.1588602813617,80.25741014512566,0.024149928,13.508811
2635476908753563008,346.62652162764437,-5.043528319429532,80.21231612635748,0.07160574,15.622554
6887025727524300416,313.911156639015,-14.067343113476475,80.20475279430592,0.04034859,12.900693
2042871958509344896,287.1236406175739,32.28000653137807,80.18352733038917,0.016135003,10.66505
6347643496607835520,290.23830738848443,-82.55995922053808,80.11338272909568,0.020635756,11.412538
2098413719661573248,280.4043356891839,39.702571695182044,80.10420284070563,0.01711024,12.17612
5600272629670698880,118.73006937760915,-29.351037975264653,80.09774077949538,0.14433259,12.212433
3278325004913943808,56.83914753816445,8.693515501909106,80.0552080771202,0.03375017,12.960607
2492866780297999232,33.554613532263986,-3.96280045849318,80.05476146505663,0.06255117,14.148209
1149727977380998784,109.99020696216758,84.07690200527787,80.02408310271876,0.015791858,10.885994
6456884409233519360,315.805198569885,-56.96185322955984,80.02112246350178,0.031032525,11.549987
5055805741577757824,52.87633565748463,-30.71257633526702,79.94684601571684,0.055602875,15.628402
6709964635600548992,280.2859984119815,-43.79280811441058,79.93312282593712,0.04101658,14.137705
308256610357824640,16.41654124373291,28.491827062343326,79.92625234127838,0.2547965,12.949484
1391241478857408768,235.02236520918228,43.49280368003516,79.85415424681045,0.017597968,11.018903
1391241478857408640,235.0230821400779,43.49167086132742,79.83897482577075,0.021856928,12.619689
704966762213039488,133.16783218849463,28.315252421854034,79.65602364629241,0.047467146,11.682962
188771135583573504,79.78833900872726,40.09609817127969,79.6021083335795,0.10045193,4.5258846
5676353096222033792,140.30995408199593,-21.08305778696315,79.5729260087761,0.15303388,17.617268
5726982995343100928,124.60104883936589,-12.63656179358332,79.49527095617434,0.040039483,5.7552195
14912165107085184,47.251989727646745,10.021186116181132,79.45324543622554,0.02760114,13.1844845
704967037090946688,133.146760620834,28.329783000362703,79.44818375718161,0.042877857,5.732681
6636988399594203648,282.4579449942897,-57.447652142885865,79.41600376168633,0.028636044,11.301491
5413438219396893568,153.70885427338357,-47.15487814715097,79.3205781473538,0.018229488,12.129068
2480523216087975040,24.500065421632854,-4.997298038960505,79.24319645098669,0.018644404,12.744349
1800808220172866048,324.5043140465407,27.72434353216668,79.22500812457939,0.6020065,12.531262
3104733181410232576,98.87393995438822,-4.0547741963145425,79.1638592251515,0.30849776,12.687793
3412806512623627008,72.71521105645311,22.1207568905776,79.03866584361127,0.024871003,13.332204
3217523558083415040,84.96740404897075,-0.9823154098644139,78.9450877619853,0.36030874,19.131502
2858600494141185280,9.754063764620504,30.61633814603857,78.89651468253375,0.023841685,10.055212
5339892367684811520,168.9804069674639,-57.5423983978393,78.89223586679518,0.03193162,10.486478
1958030617647715328,332.8501471342748,40.999937747390554,78.87621795397256,0.022853367,13.217788
4247023886053586304,300.6956213279026,3.326715753341339,78.64649917102172,0.019802462,7.0766416
6343965492773694464,352.6454136504384,-84.92220191651951,78.61123864207802,0.026747927,12.884933
1073206263054159104,158.84150877915906,69.446793871661,78.57484210850646,0.28432244,10.719594
1172618435080418176,218.03330657727005,8.192058345519628,78.56126536818486,0.039420277,13.652472
2985035874544160384,80.90975753594236,-14.049842851725447,78.52730159417737,0.14688343,18.031937
5776161813992756992,262.3503788640829,-80.14714892351998,78.50619390001147,0.017186068,10.92762
2467182154313027712,26.14923959176464,-7.271517922568175,78.4978405880058,0.49586594,19.59526
3517841209157902720,182.79799193877028,-19.96139412325039,78.48142288055584,0.023615887,10.58782
3517841140438425600,182.81963496571075,-19.973535053310865,78.45757797117655,0.036286525,11.409176
4646616923022587136,41.51227837952512,-70.40213295868823,78.39434439409031,0.016313775,13.122404
3575733210781078016,180.18562930618162,-10.448272003975848,78.33591471044681,0.092326514,5.3550773
3915363693944966528,172.23102334262407,10.180048632014154,78.29245175702427,0.04499253,11.337926
5924187617032756736,257.7446666606409,-52.51481569583831,78.26205621502966,0.019547887,9.212255
5378886891123024512,175.25617537001182,-44.40411484982858,78.22675647892444,0.018242646,7.394229
3852570413083923072,142.47619331531757,5.655613878177123,78.19452225007079,0.021477604,6.885495
1637110042813188608,261.24428143354027,67.30672951368193,78.17469220601129,0.022623343,6.2235785
3767878708888402816,156.2920240682043,-10.22815208003861,78.17457842220993,0.025267148,9.275512
985610542491481984,113.84028667733695,54.849773078642905,78.1626317485545,0.020801144,10.324608
4971496564348436352,33.477411887361406,-32.04360677639304,78.11681298603918,0.033007383,9.404842
4919497979411495296,2.0695188524464223,-57.09822684087826,78.07756583779148,0.021285105,10.946427
5032989500911228928,17.07992913450677,-28.806257521733386,77.9620893523483,0.03976488,12.013836
1750765357185849856,313.3855401554295,10.61529115033654,77.940666734059,0.029371433,12.439863
5117974602912370432,34.74269374763958,-25.943711129253515,77.91401913043707,0.029494971,6.147864
1461125613285603840,197.3939952563072,28.984194794735036,77.89556062742207,0.03465126,12.576009
6427708902552813824,301.0094779606804,-65.60328531056152,77.86519596336532,0.039652023,11.632201
6427708902553822592,301.02119056798006,-65.60411911962947,77.7939753829574,0.039576568,10.34347
5846275093531511936,215.5706327308375,-70.3954746504146,77.7699306076477,0.022123115,13.560653
1710948192852697600,262.8122775792793,82.09105560054718,77.73520905912606,0.021660017,12.652918
5432670704985289088,145.8742485909251,-38.56630443256017,77.72523050821127,0.03699282,14.711539
6363251682639715968,307.02948825519866,-76.67659445129135,77.69580022013473,0.020767504,12.379461
2262849634963004416,285.0438740245104,70.66652753906988,77.66955060572354,0.01612259,13.245591
5315595737654226304,125.69448341721363,-57.4459015804563,77.6317258540173,0.03734403,11.876849
6018047019138644480,246.0058026651914,-39.192965569776966,77.56546482061312,0.066113755,5.215097
2944727125434832768,93.79958215965655,-16.439272619106042,77.5357015014493,0.020371374,12.255983
5225863906515477376,163.8163930280901,-73.9368211911611,77.49871406895507,0.4773037,14.718879
2868199402451064064,355.7180385472229,30.82137349573688,77.48365141379048,0.035061877,12.798845
1934862945577481344,345.7178593481215,43.6376403112615,77.47651875907843,0.023844304,12.392412
6018034958869558912,245.8914359505284,-39.22948746474345,77.45445300678792,0.043276638,11.0004
1244644727396803584,206.27327486352382,17.777287971454683,77.44122245908348,0.017091446,9.108179
6823750688771587840,330.50768974078255,-19.482782162134956,77.44021949599501,0.06559197,10.830593
5315595737654226560,125.69640715493325,-57.44392391891117,77.43372549930679,0.02631585,13.879499
853820948481913472,157.60400363893467,55.99898413425029,77.40723328560824,0.018242186,8.08446
3555173782156353536,161.11857304598618,-18.637154615799474,77.39443685046375,0.020125568,13.050017
4440264291578812928,248.13945312098198,8.855146770762529,77.35287594638186,0.026699724,14.896561
3210731015768096000,82.10736002059835,-3.503099306330114,77.34986706396188,0.019757157,7.242388
4758877919212831104,88.51720463376759,-60.023737219948,77.3261340611626,0.016985562,6.857923
3521407509481957120,186.3796671904045,-15.994797913811775,77.27825146109552,0.027875934,13.332698
853819947756949120,157.65517382143014,55.980393770343866,77.24853141451939,0.08050579,4.673892
3338162729799839104,83.06025541111765,9.819849871438162,77.13592907940472,0.026556814,10.259625
3023121827755777280,85.55220113669213,-5.461181586870268,77.083787648867,0.022624217,13.475401
2717105133036645760,338.26170115162523,9.37860496034321,77.03461200556988,0.021512639,9.542259
1094235934764378112,128.94437156732053,68.06670261378376,76.9371853120815,0.016850756,10.549882
1175938925836488448,216.23573184749154,8.888339518893313,76.78255940783944,0.04487608,11.102701
4079684229322231040,279.722148569977,-21.05255555408361,76.74052986202392,0.049390327,5.6792855
4780166972587269120,63.9929255161337,-53.30804447302178,76.66379283678688,0.014609198,7.2427826
4108828945319007744,256.6722063533694,-26.726733030271305,76.65460424054565,0.032999184,15.0062065
1283125607149311360,222.79153947058902,31.110378052770027,76.6428728546335,0.03938368,11.333783
5165286828773802880,53.91772804822145,-8.491094316993587,76.61307341130882,0.039453976,13.848975
4165561928540617856,266.6220201822353,-8.712042478984,76.53609815528525,0.036165237,11.275215
1272178319624018816,231.1028740510242,29.422632420785625,76.4642528694196,0.044188786,15.280079
1148885991992198016,118.96345515734684,83.38204366283443,76.3854067571206,0.018953925,11.735672
6072726969332631552,187.38675342035862,-55.997229593632575,76.35291692339615,0.022089807,11.868173
157915472050611456,69.55439166864008,28.216397864189464,76.30705689396355,0.16309504,12.146331
505516521175942784,29.850702638903563,58.52028397205597,76.29118871961205,0.025210984,10.845914
3144499458967932672,119.53643234079509,7.283595270088088,76.28062631975945,0.026291456,12.287489
1800808220175220480,324.5040204849038,27.723454070268982,76.26153097614906,0.017596707,9.132237
2021981409373336448,295.17728787935164,26.114698280243225,76.22517661151069,2.7802272,20.698986
3545469496823737984,170.3618294893597,-20.453184458458317,76.19182572554183,0.02649663,10.18051
5690980582306104448,147.79534254143024,-12.336323719476468,76.16439069467395,0.019502016,9.242064
6508401923473282432,335.5661138004264,-54.5595680078303,76.15946505307657,0.019678587,8.409995
377423450888562304,14.265155951103674,45.08575010284643,76.11009992405228,0.025093278,10.803841
2395413147718069504,354.53268726381896,-16.23651363027235,76.09836402501706,0.021489777,10.342992
5690846274384548864,146.2242946880038,-12.348259270729132,76.05090443513484,0.033638757,11.872169
848178083009862656,152.37174839604333,51.28512055151662,76.0136390127306,0.026965577,12.163774
5497072086021346688,99.90376164161879,-55.609626188428145,75.9486036051012,0.009651008,9.068258
409824168780424832,24.588466983866212,57.23095397492771,75.88558947033205,0.021603774,10.8970585
3637980103080627328,202.08850669038435,-2.3625012355969925,75.87835660438864,0.056978937,10.185965
4093301474693288960,277.82835490136483,-18.90968252923386,75.84760043520981,0.034853466,6.5646515
4741883764414703232,42.539712986926446,-53.13673320472705,75.7208110106814,0.015200389,9.801348
6721432232656218752,273.0899537734526,-43.446703359293736,75.7122251862617,0.021108788,7.846925
3411339626674506624,70.32744888255134,20.90038275238946,75.68695566452061,0.024139958,7.53582
4161034758178900224,276.0985121197357,-5.615670083393472,75.67076035002678,0.04484249,14.423405
157915536473892224,69.5547038414492,28.21620859415161,75.66627620353817,0.07666169,11.684068
1680921595450031232,185.89104416036437,67.18789533594021,75.61589004812846,0.44003427,10.822543
3238449635184620672,75.08759875013749,3.5123475927207517,75.60814926066453,0.29071426,18.910717
4095396422225930624,270.90095793365253,-18.98205434475698,75.60402860165894,0.6809508,12.455414
3637980098784983936,202.09031534474363,-2.360993707487208,75.59502148132108,0.4404482,12.317758
1227705135863076864,217.0156415738216,13.934833566564166,75.587670827904,0.05800115,14.896256
2009439555118168832,351.12662828149587,57.85305705753156,75.57228251850972,0.012979467,9.144559
1605198298364601088,218.36887175001752,52.909892945555704,75.56887569382528,0.01506916,6.918849
2980492387558410112,71.90182063625531,-16.933703052251126,75.52889944115644,0.053909987,5.318377
6173812151364882688,209.30431353578368,-29.375884964102998,75.5089282840293,0.03100101,11.373799
3873066031380105216,163.01252952916,13.998469336486957,75.49373642479408,0.03129031,11.465005
1714831771000745344,208.41629245213292,77.61886343809084,75.48029395151548,0.022546846,11.540056
5399148382157293696,170.5336137294644,-35.21131256672405,75.43799435556245,1.6056252,20.946423
5047423236725995136,46.54737320915348,-36.800989381416464,75.41841248498032,0.057961263,15.993678
939599584345993984,105.84622747575096,34.698233312449034,75.34643540852386,0.028151315,11.759607
6608490501308343168,340.18271325136965,-29.674554268057268,75.32479342121945,0.023183847,7.41959
4347870370990204928,239.97333281720185,-8.253319518751894,75.29409426657962,0.02317745,9.601218
4248817876711932416,300.96027108661707,5.992067907733729,75.25482099805123,0.02418585,11.132852
6282457918962299776,221.85046184472634,-17.70590074914838,75.19475017006016,0.05011494,16.157278
211810233512673920,79.35014604066659,45.83684161390765,75.18378634422855,0.05344913,11.64075
65829792677145344,58.691130905257694,24.27252217695994,74.98865311008939,0.05667107,14.368261
211810233512673792,79.34999070128362,45.83779586527358,74.95210975717671,0.01883288,9.315714
6478328218869704192,315.2697235104514,-49.10774847786424,74.94562437295559,0.030896338,15.262044
2452167910719793664,22.16461895808497,-14.968106174896121,74.8961142038147,0.23338814,12.201372
758200712885953280,167.96464803741873,33.53697074560677,74.88387307220047,0.031113254,11.136029
4884761177275202176,66.63566693368529,-30.802598323056248,74.86337055869903,0.023076449,12.451043
1503625448550796032,204.85015439447483,46.18821939062563,74.79854599794672,0.015314359,9.407465
4103671243754951296,279.6869546094248,-14.493090301699558,74.79177425095429,0.052843038,10.241307
3652796572020424448,215.3137711256868,-1.1249536299897054,74.77675675400957,0.033560157,11.819618
2430731144829585280,7.162970214208049,-6.667219253185426,74.71074932475356,0.039740723,10.900908
4941774600386872960,28.211506635601257,-48.095754425177795,74.71020217629189,0.027554693,12.277165
4971869092631523200,34.1498241917288,-30.96765178517003,74.63845724853431,0.04041204,11.742346
5684037136313018368,145.93572009719549,-17.784076029964655,74.58454496592636,0.019186294,12.1573925
4971681351020953088,34.17520476438134,-30.98729098133992,74.57353168617364,0.035021845,10.787389
6478328150150225664,315.27888909461694,-49.12456979699407,74.4553628583603,0.7611797,11.984518
5481843025342799104,96.4834930044876,-60.05701848235131,74.42176458851837,0.018152434,11.032926
3073508528645520000,128.60888691505394,-1.1461842748957634,74.41435177741494,0.028224645,11.516895
5680147991886954240,139.08454259852016,-18.62515602141569,74.38801212980484,0.018535405,9.807261
2047690533883897856,297.17034072865096,35.92017560607515,74.38552746556688,0.019639414,11.800824
5985229174021530624,240.0740509950575,-45.727000678186556,74.33191370826815,0.7276047,20.12597
3765772972322477696,154.18955538043878,-11.9644646700575,74.23803517451385,0.026174312,9.934185
2679694971455927296,329.2358923841423,-1.89987246889069,74.22008018316177,0.037404016,13.014442
269066953631488384,89.98201323957848,58.56976827470822,74.20506525451665,0.024624594,12.086062
3592769731134725248,172.6726859278835,-8.094129760812047,74.20466310328092,0.024746155,10.820291
348020482735930112,24.198321215249642,41.4037617615712,74.19396780666189,0.2082973,3.966133
5280389615847484416,100.62109304432659,-67.12397506363128,74.18394119606009,0.026272332,13.988787
348020242217448576,24.208998277705287,41.39055046681678,74.18150048920077,0.035620563,12.497144
269067920001221888,89.90737758251713,58.591882912375425,74.13970520405475,0.017304095,9.412902
205533465225342208,76.27525560161628,44.23424149518413,74.13952783501048,0.03054101,13.026942
5934097210481810432,248.3305162924753,-52.133851689110905,74.12734282117357,0.029699482,11.115624
1451450048399313792,207.26449695886288,26.978629894922314,74.12018143378143,0.044402186,7.5811377
283569928616960768,86.45398752483742,62.233278096244746,74.1187240892331,0.018022198,8.38387
1451450048399808384,207.26459525552625,26.979435072906163,74.09367050330306,0.037023433,7.203598
200296663143599104,73.15109158635963,40.70183928537737,74.06984596438883,0.0488121,12.043524
555032443207370880,61.66178755097324,79.2652664645624,73.99006093699691,0.01859067,13.37053
5920900901901635968,266.9004492986834,-54.61001942073009,73.98991155650216,0.045405053,15.933369
4346523537966269824,238.81994068189468,-9.938501948798207,73.98015549061564,0.13605802,17.329195
512129087182637696,25.91570147910094,63.82080833636605,73.97694829807692,0.01831691,7.9328227
3026511175437908096,112.05454567294036,-18.790322998386273,73.96916112713724,0.5264374,12.319978
1473166433840437888,199.8965960574404,35.10343086902767,73.9230605881877,0.033322293,11.011088
659464504288593536,130.1198700178225,18.400428577282916,73.85725694447376,0.06708812,14.991737
1018776176872261248,143.20753978122536,51.67490604097004,73.82839808283359,0.20464002,3.0717425
4453239765733463936,242.31623494090078,9.353067995129823,73.71779207255106,0.024681067,10.659685
2110336583235233536,277.99268627290746,40.68822682125043,73.70815012974893,0.017427398,10.809602
798914636327665536,142.9835626427477,36.31789906516603,73.69562923955124,0.018259868,9.414013
461701979229013376,49.061375759751755,58.165927998691465,73.61877907779785,0.01939033,10.019066
6526541563232943872,352.5636566929017,-47.616850415246994,73.59921732853974,0.07288724,15.216914
461701979233050624,49.06146615550071,58.16732758589717,73.57693705785664,0.01862487,10.193903
5835113573101867520,243.44525038267332,-57.57678559702253,73.54824313531948,0.018389205,7.2686267
4296708789290712064,298.8285089900959,6.404626612168723,73.52487469097186,0.1415356,3.4819748
4833654227548585856,53.756624557323974,-48.41777462792747,73.5198828006504,0.016360268,8.020994
144312344255035392,68.39367443219042,20.74463639402465,73.51473636696828,0.030735936,12.890886
1483977656798789120,213.98497602510355,36.27839269007434,73.45920425880918,0.026012607,11.695755
6171593062022433920,206.69006617532062,-31.823053176784082,73.44179629046599,0.058694273,14.825789
4296708789289490816,298.82854636282065,6.408313496636442,73.38892020233298,0.021516947,10.465427
4548562269906020352,258.95767849848045,19.000090899565294,73.38289003014775,0.089917146,12.034219
2331849006126794880,352.8410547369359,-27.827134298544284,73.37852499956868,0.07703472,15.870283
5645479806157346688,129.640992950549,-28.72463006600081,73.3163323529175,0.03608427,10.765228
6166376978860425600,200.0114262423646,-35.414268506604664,73.2746639511502,0.030994257,11.622358
1706907487621086464,235.33382179303194,75.98958834491458,73.25728827586713,0.30083367,11.171621
2756363608023588864,354.9893506001899,5.6243516012277475,73.23703628604858,0.16977987,3.9992578
121254932585133568,54.03685781019895,31.31038873961227,73.20776767623718,0.04488647,12.359634
2819781274051096192,354.4016087764225,16.367299189308994,73.10838613250678,0.0418832,13.999207
4548562265603840768,258.95811059683075,19.000083696047714,73.06209239932777,0.02954567,9.650931
1473166433840438016,199.8920812760396,35.1067150662818,72.97333539774851,0.32171556,8.694069
2158285185808357504,275.33398631827845,61.01561311057306,72.95158681123607,0.023179354,15.399544
3902785006045478656,187.81299297535,8.80828082089608,72.89317383769793,0.028897442,8.950713
2891695137006940544,94.44578372665914,-34.01941716022002,72.8736516789904,0.016205583,10.793456
3545469496823737856,170.36193916124157,-20.454238172164345,72.86378758599548,0.32478505,8.125107
5914096303621755520,257.54377499876193,-60.7261529768452,72.85383430610172,0.02175218,7.116921
1446540213584440704,200.733441792225,24.463822408816515,72.72651821640673,0.036831688,11.628933
1037131492704550656,134.49033217941667,57.145892303867484,72.71972162602633,0.729719,20.425196
2034628782438989440,296.45935966410707,32.38800766266751,72.69998812663229,0.014016836,9.986136
2710189960812052736,336.76251116872623,6.825575040979833,72.68153890632328,0.026362304,11.915672
2860924621205256704,1.655198904590879,29.02071363055181,72.64189108452184,0.029208586,5.878327
31235033696866688,48.51322023809659,16.051276290714064,72.63052496463385,0.19024242,17.217173
5522879208777731200,126.79825388997618,-44.98692137708433,72.61418311987062,0.048366267,10.612707
2281778105594488192,354.83578083298244,77.63312481414683,72.51669209892496,0.14698927,2.9429574
6329012134635132544,215.02796559698476,-9.624114325252524,72.32443281623743,0.041002966,11.586485
3902745286187581312,187.2371023163365,8.424237710162307,72.26642305254668,0.69635355,10.865707
266846631637525120,75.85667289714588,53.121863566969814,72.23599415423742,0.08656343,15.707108
266846631637524864,75.85923651184258,53.12163420733134,72.17340591451902,0.017268956,9.218808
3941342198772052352,195.17330119801719,19.204062197982527,72.14021725661584,0.1562404,17.465528
776067089642433664,161.3393108665803,38.51243753117977,72.12030429452771,0.09256028,8.691554
6405457982659103872,333.46143166945996,-63.702023164643734,72.07483249411429,0.036034543,14.630174
5599170330597007360,114.23733886623397,-30.406159966819498,72.06985722170116,0.018065019,12.2748165
777254360337133312,164.8647031186751,40.43050097561348,72.00696109116399,0.097399384,4.866588
3668176368871118208,213.88230240079162,4.655318867383002,72.00423705033546,0.36732212,12.655272
3411398347466374144,70.73293563415463,21.473566186536463,71.90405948836667,0.024304645,10.727077
3263836568394170880,54.21723179468776,0.3995245948754849,71.83697877936342,0.15034246,4.1410933
170639948323693952,62.15864195363978,33.63759679656128,71.82205959553683,0.018904958,9.371755
3864228496219589120,163.05626573325256,5.91912909046471,71.79602401004205,0.040470887,13.07543
6734485286788609664,277.3507091117809,-34.96362316023356,71.75919737351279,0.01941577,10.7607975
5107106033552702208,55.982053739473585,-19.110199545087987,71.75052791922663,0.021045957,6.8202105
6018209128388194688,246.71366499706508,-38.210202611793854,71.73695812719225,0.04911257,13.885518
5031808453624044800,13.257923204654402,-30.356773021373208,71.7258931472584,0.026664002,6.884861
2034581091118259328,296.60213388303396,32.015321302930666,71.71549886049584,0.01586321,9.308386
4726357491998516480,39.47063857709459,-58.75214686390397,71.70433964545545,0.019150116,11.175619
2034581091125010048,296.6034533155343,32.014198194880414,71.68362711449726,0.036504395,10.13141
567659818855055488,50.351214978167995,79.9685443981029,71.65856556711978,0.013828526,10.243402
33732162042339072,41.64079022240677,16.416972047012635,71.60475602761157,0.057644315,14.552517
622339455521105280,153.97610368902318,17.490880663782907,71.54468667741052,0.028425924,11.592437
4785886941312921344,76.30968124678876,-47.937535542918475,71.51337413216177,0.021491667,12.873695
1350714133093019904,269.4622611288724,46.59121608783237,71.49516298997698,0.015178036,10.570074
1282073374518833152,223.79801910728224,30.11225414386347,71.47092433164933,0.040761974,12.516478
6265472113586221696,234.2422080286334,-14.136617153353082,71.46559757077088,0.036207017,11.369082
5059348952161258624,48.020701120552644,-28.98487006133274,71.43370405378651,0.13195507,3.8014393
948039989652369408,109.53285447334326,39.27428792137454,71.3226505150266,0.023352666,9.5181875
3531294008802299392,169.15435753908847,-27.95891105546361,71.31211537551617,0.02341845,12.290781
3106548406384807680,100.90303359272531,-2.3879694818849884,71.3026263123103,1.1797113,20.617268
2910909931633597312,88.9316276873395,-26.856545560260603,71.26068173659779,0.017248886,9.787544
2644439955745152512,353.5094798297434,0.17524273262485965,71.23393039944308,0.022930454,10.176725
87921523897823872,38.97329569548593,20.219260277260023,71.21640847108424,0.023202313,9.708674
4971892010576979840,33.787482009816834,-30.668656065288527,71.16201364456924,0.080350436,15.840613
6192641081831733760,200.9054247040076,-25.913566425966554,71.11912568785725,0.03888711,11.570688
1909518584084205312,337.4611835286402,41.48216136440744,71.11056721765688,0.040390104,11.858226
6508776375901968640,334.5683625481559,-53.62987304773594,71.09384614454987,0.055435102,5.2305317
6288325222245417856,207.42829872177768,-22.113288890480284,71.07799890467766,0.03179052,7.6912794
4512525016089353472,281.34496634633183,18.865092511988657,71.0495312450317,0.02245672,12.280304
3057712223051571200,114.9975146257713,-3.598743712839394,71.03228543821585,0.024272813,6.889849
2526862202360516224,7.899120214632265,-5.874989728805397,71.02372934032408,0.032058116,11.551807
5202336655483914624,153.3585192023737,-78.71648809804049,71.01128852589831,0.22315553,18.96603
5059349158319689344,48.019242438399225,-28.984121178116506,71.00889596182354,0.08736323,6.634122
3057712188691831936,115.01238286998716,-3.604949403710938,70.99235553163828,0.025244514,8.334735
5053399803976245760,49.72741837524085,-34.357935616760344,70.98123026054824,1.8484838,20.95818
4568060562432051584,256.77899349986836,21.553906093733755,70.96842537636431,0.022376621,10.5571375
1466009540856759680,196.71054781743726,30.84621621605227,70.89594596323808,0.024581637,13.604942
3934198156329809152,190.27751558281284,15.375020276184097,70.8793049316243,0.026603747,7.507833
982389862479141376,116.80766643936455,50.344381181505526,70.87696282292809,0.0249183,11.782016
3197487123332369536,61.52874997880343,-5.579705448233032,70.86986317489459,0.028485473,11.993692
3553682127126319360,159.73017337204226,-20.680003391633377,70.83755933851121,0.045167703,15.838033
2799992744809482112,6.985243946351337,22.324902794590333,70.78101071168312,0.42671707,14.962327
5908372482296952064,225.319330232481,-43.65850785199451,70.75298153219886,0.033890832,9.658678
4345775217221821312,243.90633606005997,-8.371641161548801,70.73714672122247,0.06312427,5.327651
4055584308787727488,266.5596831413788,-32.10354269209381,70.73346293240992,0.11630809,10.278985
6863535898551993472,298.573333453915,-23.942897296654756,70.70095856863598,0.035016216,5.908112
6863536001631204608,298.5853870969822,-23.946408599564357,70.69322170119487,0.027219284,13.226322
4055585060376248832,266.5527252424213,-32.10374822060554,70.67922356119885,0.018727412,9.602647
1093918828739878528,129.09378163676524,67.2952414926635,70.6194625207145,0.22524668,8.615115
6662167868705713664,284.78208486186395,-48.276651589259686,70.59523619473788,0.02607207,10.101377
3530383784971799680,191.00091142330737,-11.175787631619018,70.5719536538671,0.034502838,12.634542
1237730036208674048,219.86144069695553,19.489464200444402,70.55508407142764,0.18136802,17.517
230171768457140736,59.3320361570653,41.12839689730314,70.50773123988075,0.060774513,14.638093
6577573677445347584,324.1084316282102,-44.019709447137956,70.49211505889951,0.033274606,12.5706415
5189170557793054848,159.68433024045862,-86.54629290223104,70.46108296886416,0.019923769,11.895596
1229089524081628416,217.36887348196421,15.538414038335086,70.32487493126503,0.021143159,9.732934
5970956070030449792,251.06244856982798,-38.94390290151647,70.32196073686148,0.019630233,7.191345
3342958387205080064,89.24084594405419,11.741022819481223,70.31531672603114,0.043548863,13.801874
3060788519149063680,114.02980309738263,-3.1120644097654666,70.27489246720906,0.13108253,9.142377
3203124697405667712,65.95088653918056,-4.233918172124934,70.15017309793838,0.9335513,20.064823
1510834911934401152,208.00294477888406,49.9502912331876,70.14918636878136,0.017365709,8.254614
2302668860880387072,289.10161012405797,84.22869527150492,70.14074610655817,0.015364846,13.262562
4258375617747092864,281.86295511751837,-3.641055455311226,70.13347528858606,0.025828546,8.269603
3928391218812375808,189.71325870874674,11.69503594754184,70.11389784607175,0.029659944,10.335732
4865016349710062208,66.23358343710504,-40.04937645779219,70.06318569503301,0.018827826,12.550216
5129338021224785408,41.277321981998256,-18.572408740298428,70.0458650896813,0.1598574,4.3308682
5044297634405581696,45.523321427087616,-39.8506160871847,70.04294232459516,0.023471314,13.990478
5079067147013772288,43.66648548412693,-22.266581909507593,70.04028478108923,0.026404543,11.748698
6798111177125746944,306.92255979719243,-27.751601189468722,69.95970246803437,0.046277765,10.34706
3934198156329808896,190.27687507168417,15.374863959510288,69.93036564670213,0.41761416,12.853741
1439069444391326208,263.89611450900287,61.67927672424114,69.89209281722201,0.015290988,9.174616
3418324583527645440,75.32477273200419,22.61536006911671,69.88824856836183,0.04027576,13.571757
524551232110220800,12.348163691604485,65.30023631965506,69.87976374734684,0.015354272,13.2207575
1534239391319888384,190.70457462086816,41.8966090688773,69.84040265582338,0.029638581,11.051433
358269546017619840,31.76767495536706,49.643504110332174,69.83235108346754,0.028519573,11.076443
1648484868558988544,250.0827910688673,67.60294000951913,69.82066562861976,0.22995445,13.551671
5199087706000356096,161.90029628351041,-79.46369785139531,69.81895733666657,0.016633052,12.04221
5661077924778519552,143.61785482348142,-26.72420885027511,69.8118232098534,0.026380658,12.54375
3562157781229213312,170.45272777167042,-13.219297317801288,69.67002188747037,0.20329462,16.392456
1379500756257031808,241.23336805671383,39.156743577014105,69.64054505311043,0.014048296,6.461159
1379500928055726848,241.20868366880867,39.16016523606519,69.63745120606852,0.019233797,12.854803
2571309955621962240,30.617298488262897,10.581070527181739,69.63528953415874,0.17281064,11.877724
1175003649462887040,222.10784025931542,10.532546891409849,69.63516464309347,0.5321728,19.818523
2098514324976071424,280.8414837270263,40.67522342269669,69.6347621344647,0.041625697,15.408278
2195115561168483712,311.32320634108095,61.84241929401267,69.597553957676,0.1278597,3.1779127
646818024623804416,145.97884036380384,26.968552619596394,69.58833270655519,0.027410781,10.848555
6635966781495628672,277.5497899310366,-58.2762851072264,69.56114237849611,0.019057628,9.080015
70051608089857536,56.585833168451074,26.214633112231297,69.51431432523292,0.024607057,8.871369
2751296646125543040,8.98624024137839,10.47482086126036,69.46895503742745,0.028507086,13.559401
1123681096674583552,134.99876090315433,72.95993278581588,69.45645656879874,0.024585817,12.793371
5867776696271127424,212.9972497484374,-59.346097245987806,69.44139909126426,0.027122809,14.551776
5046323965616929792,48.13118384752778,-38.085680838985176,69.38747579869145,0.027599871,10.51338
1838855376946302720,314.35934816578424,22.361776494960807,69.29756275876402,0.024519885,11.013422
1439121018358632832,263.75066378504704,61.872440036356195,69.28321399452818,0.20039912,5.069048
1092545710514654464,129.79848216263676,65.02129699890843,69.2575995687921,0.048491586,5.4989767
4291123545113039616,293.66833769619547,4.58389635555049,69.25664440676091,0.015202464,8.713564
1925025168366253952,351.438524437886,42.86216483836964,69.22801702608312,1.4861026,20.899113
573273684709125504,19.92451075024575,84.16122554058276,69.21243099560381,0.017218182,13.098176
943688191349024000,102.27388493599807,37.106957855887565,69.2023509827166,0.029427867,12.464527
1078773262224027520,168.79329264913866,73.47570460715328,69.136383508707,0.015073201,7.311935
1078773262224027648,168.78985102981798,73.47721553167881,69.13370110201318,0.017554166,10.608786
2051984436005124480,293.8709266578083,37.768516622022624,69.124684541167,0.04038572,10.383362
5842905399625203328,190.57114911771228,-71.6389837188528,69.10021883022301,0.017383313,12.069628
1604859511344724864,216.2974561533579,51.84896726025888,69.06857806595082,0.15788093,3.9172292
1701602958196086528,217.80244124264595,75.44491958012206,69.035076472839,0.021332094,12.767264
6910371005081903488,315.49330858498587,-6.320708212599972,69.02191753525649,0.028421026,10.18349
5363990535794423680,159.56109739267328,-49.56488041280421,69.00754706273695,0.018107666,13.497718
5743705398968422400,136.6852334504928,-8.806139366821341,69.00689209024877,0.036660366,14.536796
1405343643196929536,248.75733560704234,43.29208824427913,68.9911960837904,0.016140647,14.716221
5743705394673617664,136.6875882782219,-8.805906450866066,68.97624534092085,0.017887382,8.7874155
2887328533953284096,86.92331434152952,-36.329112113805756,68.97093599378836,0.014117911,9.835275
3758629475341196672,164.61574644090516,-10.775511452309788,68.96220001044249,0.037456892,12.75257
1568219729458240128,191.05782946985116,51.75845261941906,68.95161770569291,0.4864238,6.7498126
4405150047715392128,243.60495984709542,-2.848575653404131,68.94932895651257,0.08347323,15.223379
279844370905734144,79.22394987339135,56.67019026164824,68.93347739427585,0.05350037,15.017324
2611163717366876544,342.5804573056282,-7.089644096557749,68.93028118372844,0.019456035,9.132903
1965478468902062464,321.13780325406816,40.06853292389345,68.92078639119555,0.022293117,13.897119
1284721994948665216,215.48517155062407,29.628244836671932,68.85061524376745,0.021617834,8.020257
1604859408265509632,216.29652899703083,51.829621790878264,68.81207229565997,0.032209482,10.498154
3394298532176344960,80.91108310811642,17.32409154334818,68.76616259697118,0.024643594,7.543094
2395031273585836288,353.20741018274816,-16.846618522179938,68.73564590379422,0.0271539,8.085915
5329084752471816192,131.15985362560065,-48.08563127036856,68.70090469606878,0.01730712,12.43448
4772342676044749952,81.87712822395483,-51.48627898796885,68.65744017176424,0.020238046,13.703457
6245870673116518784,243.17425206530802,-18.876454482180023,68.60997988235447,0.028663991,10.250556
6171492074455952128,206.9261444920524,-32.43015360898427,68.60515374737554,0.026999583,8.262672
3400292798990117888,81.10726354597193,17.38350331190306,68.59075963795857,0.10395148,4.8501883
6171492113110925312,206.92897157434948,-32.431131168201624,68.58196057048296,0.028191488,8.416762
3299381442858615936,64.3278246232936,8.821105257393242,68.56166015602032,0.037801087,12.234882
1333760419707327744,260.16557980211155,32.46311742250856,68.55754109923836,0.05527961,5.2098746
5815970800722940800,251.9835074590181,-65.1536701406655,68.55541416150001,0.02002914,12.6199
4094679437572611712,273.80228241526856,-19.403616795250162,68.47236155264955,0.020322729,9.994882
4975847194422433280,8.30811225525422,-47.55395581377568,68.46584067822842,0.028565088,13.852827
2123161836616023296,271.81657739849993,50.258178718160494,68.46570492414169,0.09763816,17.788519
6066971747504719232,200.51762131763667,-55.01702752746204,68.45550194489144,0.02689275,12.241785
1155276250492687616,227.39562087412435,3.1689590731574753,68.45044122753534,0.019924864,10.37806
3372159045216183552,96.54210989551521,18.75620888605506,68.4141911114458,0.09833152,6.484982
3449170488894369792,83.2148749335413,33.827735578720784,68.41400014511353,0.020022111,12.209174
373838214051410816,14.504225894844094,39.31987471822514,68.38926230647178,0.036007095,12.648504
89593331327905536,39.183682325426595,22.672279653166118,68.33983935195869,0.02730209,13.445031
6805455124526007424,311.52362917337143,-25.271595679561823,68.33702615446357,0.1822519,4.030625
4393265392168829056,258.8314799887317,4.960575338342743,68.29864790496704,0.06518708,12.996782
56252256123908096,50.25045284304823,18.905182682497294,68.26935003550837,0.07783384,16.104847
4470812298018311296,274.13072292110206,4.881193235821266,68.24771544409246,0.029636327,13.013686
1123140411831352064,127.8848217074612,73.06392994460376,68.21401263922408,0.023564208,11.658877
4714117865996976768,34.366362901437554,-59.38085727536495,68.18113517688056,0.021790449,13.808198
4838250838987898880,62.384660594435694,-44.5937681602659,68.18066164841109,0.02012528,12.648698
6854626246593473792,310.0514064479976,-23.771815750775836,68.15574658958347,0.030011822,6.1799154
